{"code": "sz300611", "reports": [{"year": "2015", "revenue": 297706057.35, "profit": 47873214.5, "revenue_growth": 25.770851151872, "profit_growth": 27.776213115819}, {"year": "2016", "revenue": 359232453.06, "profit": 55351282.89, "revenue_growth": 20.666826955982, "profit_growth": 15.620568762935}, {"year": "2017", "revenue": 401499126.43, "profit": 47654211.24, "revenue_growth": 11.765828229038, "profit_growth": -13.905859535896}], "has_3years": true}