{"code": "sz002156", "reports": [{"year": "2006", "revenue": 1026528825.21, "profit": 89344669.28, "revenue_growth": 31.538975257402, "profit_growth": 78.833802544401}, {"year": "2008", "revenue": 1189186017.63, "profit": 43688765.09, "revenue_growth": 5.781328832966, "profit_growth": -42.250090320557}, {"year": "2007", "revenue": 1124192738.69, "profit": 75651659.6, "revenue_growth": 9.513996205613, "profit_growth": -15.326051112336}], "has_3years": true}