{"code": "sz300897", "reports": [{"year": "2020", "revenue": 127023700, "profit": 19488800, "revenue_growth": 28.478961293177, "profit_growth": 127.99426523435}, {"year": "2019", "revenue": 98867300, "profit": 8547900, "revenue_growth": null, "profit_growth": null}], "has_3years": false}