{"code": "sh688073", "reports": [{"year": "2022", "revenue": 368671700, "profit": 59176000, "revenue_growth": 37.409449764949, "profit_growth": 36.913650750822}, {"year": "2021", "revenue": 268301600, "profit": 43221400, "revenue_growth": null, "profit_growth": null}, {"year": "2022", "revenue": 833831600, "profit": 145970700, "revenue_growth": 37.546243594107, "profit_growth": 49.601529111537}], "has_3years": true}