{"code": "sh688232", "reports": [{"year": "2020", "revenue": 471762900, "profit": 8583200, "revenue_growth": -3.185067738843, "profit_growth": 108.630746784033}, {"year": "2019", "revenue": 487283200, "profit": -99449100, "revenue_growth": null, "profit_growth": null}, {"year": "2020", "revenue": 2124086700, "profit": 410288800, "revenue_growth": 39.103364868416, "profit_growth": 55.73221509015}], "has_3years": true}