{"code": "sh603890", "reports": [{"year": "2017", "revenue": 1739628804.19, "profit": 159978770.04, "revenue_growth": 18.726401408411, "profit_growth": 9.032360088686}, {"year": "2018", "revenue": 1774607107.22, "profit": 108619155.41, "revenue_growth": 2.010676239997, "profit_growth": -32.104018937737}, {"year": "2020", "revenue": 1377230619.15, "profit": 136899734.48, "revenue_growth": 72.70344973033, "profit_growth": 426.935775988878}], "has_3years": true}