{"code": "sh688596", "reports": [{"year": "2020", "revenue": 1108985500, "profit": 124258100, "revenue_growth": -6.470330508149, "profit_growth": 49.667440751215}, {"year": "2019", "revenue": 1185704500, "profit": 83022800, "revenue_growth": 28.792390306249, "profit_growth": 38.294124438179}, {"year": "2021", "revenue": 1836764400, "profit": 168402800, "revenue_growth": 65.625646142353, "profit_growth": 35.526617580665}], "has_3years": true}