{"code": "sz002080", "reports": [{"year": "2005", "revenue": 550929700, "profit": 47357800, "revenue_growth": 29.487534187788, "profit_growth": 56.393662753944}, {"year": "2006", "revenue": 289729800, "profit": 27310900, "revenue_growth": null, "profit_growth": null}, {"year": "2006", "revenue": 649855100, "profit": 59688200, "revenue_growth": 17.956084052103, "profit_growth": 26.036682447242}], "has_3years": true}