{"code": "sz300387", "reports": [{"year": "2013", "revenue": 302313800, "profit": 60064800, "revenue_growth": 5.473636372276, "profit_growth": 9.940637457187}, {"year": "2014", "revenue": 303449215.37, "profit": 46055181.29, "revenue_growth": 0.375575104411, "profit_growth": -23.324174408306}, {"year": "2015", "revenue": 392347203.53, "profit": 63585882.59, "revenue_growth": 29.295837213356, "profit_growth": 38.064558229861}], "has_3years": true}