{"code": "sz301179", "reports": [{"year": "2021", "revenue": 204041900, "profit": 49197300, "revenue_growth": 49.833203726567, "profit_growth": 76.267633178898}, {"year": "2020", "revenue": 136179400, "profit": 27910600, "revenue_growth": null, "profit_growth": null}], "has_3years": false}