{"code": "sh688035", "reports": [{"year": "2022", "revenue": 928520300, "profit": 123005800, "revenue_growth": 58.902214211588, "profit_growth": 62.093089757122}, {"year": "2021", "revenue": 584334400, "profit": 75885900, "revenue_growth": 40.072626733011, "profit_growth": 51.318036943324}, {"year": "2023", "revenue": 931975200, "profit": 102946200, "revenue_growth": 0.372086641509, "profit_growth": -16.307848898182}], "has_3years": true}