{"code": "sh688475", "reports": [{"year": "2022", "revenue": 4306313800, "profit": 333489200, "revenue_growth": 1.613476580119, "profit_growth": -26.00849143845}, {"year": "2021", "revenue": 4237935700, "profit": 450712800, "revenue_growth": 37.658355999768, "profit_growth": 38.166674539747}, {"year": "2023", "revenue": 4841065600, "profit": 563159300, "revenue_growth": 12.417854918051, "profit_growth": 68.868826936525}], "has_3years": true}