{"code": "sz002516", "reports": [{"year": "2010", "revenue": 781869591.59, "profit": 112516425.1, "revenue_growth": 32.43764014177, "profit_growth": 56.042956639126}, {"year": "2012", "revenue": 570853253.81, "profit": 61720244.44, "revenue_growth": 23.023363763756, "profit_growth": -5.446698967707}, {"year": "2011", "revenue": 464020196.12, "profit": 65275610.44, "revenue_growth": 31.712347431749, "profit_growth": 18.96012790294}], "has_3years": true}