{"code": "sz301362", "reports": [{"year": "2021", "revenue": 609353500, "profit": 70268200, "revenue_growth": 11.413507766032, "profit_growth": -33.696064454703}, {"year": "2022", "revenue": 745148900, "profit": 116249300, "revenue_growth": 22.285159599477, "profit_growth": 65.436570169721}], "has_3years": false}