{"code": "sz300978", "reports": [{"year": "2020", "revenue": 1475252200, "profit": 190685000, "revenue_growth": -5.77056522416, "profit_growth": -5.786158177361}], "has_3years": false}