{"code": "sz300960", "reports": [{"year": "2020", "revenue": 317786400, "profit": 73678800, "revenue_growth": -18.366540901129, "profit_growth": -0.721132503309}], "has_3years": false}