{"code": "sh688616", "reports": [{"year": "2021", "revenue": 410776160.89, "profit": 70283471.28, "revenue_growth": -9.307777681774, "profit_growth": -4.663070070433}, {"year": "2020", "revenue": 452934276.38, "profit": 73721139.68, "revenue_growth": 6.539041928228, "profit_growth": 18.557069190559}, {"year": "2022", "revenue": 542342600, "profit": 63638400, "revenue_growth": 32.028742569906, "profit_growth": -9.454671431249}], "has_3years": true}