{"code": "sz301379", "reports": [{"year": "2024", "revenue": 1476848000, "profit": 150360400, "revenue_growth": 16.541074224735, "profit_growth": 39.965837107232}, {"year": "2023", "revenue": 1267233900, "profit": 107426500, "revenue_growth": 2.747806721361, "profit_growth": -9.209646248804}], "has_3years": false}