{"code": "sz002690", "reports": [{"year": "2011", "revenue": 449817006.07, "profit": 132547937.32, "revenue_growth": 34.340193502657, "profit_growth": -11.867791950731}, {"year": "2012", "revenue": 518122351.67, "profit": 168576283.19, "revenue_growth": 15.18514077464, "profit_growth": 27.181370452427}, {"year": "2013", "revenue": 567554914.69, "profit": 207998425.52, "revenue_growth": 9.540712316438, "profit_growth": 23.385343171654}], "has_3years": true}