{"code": "sh688159", "reports": [{"year": "2019", "revenue": 341295700, "profit": 20726900, "revenue_growth": 55.893326146833, "profit_growth": 99.552312091425}, {"year": "2018", "revenue": 218929000, "profit": 10386700, "revenue_growth": 1.030261160953, "profit_growth": -28.884533995001}, {"year": "2018", "revenue": 557135550.87, "profit": 43495208.68, "revenue_growth": 11.657291709891, "profit_growth": -15.670671672384}], "has_3years": true}