{"code": "sh688029", "reports": [{"year": "2018", "revenue": 922109300, "profit": 192699000, "revenue_growth": 43.928237556223, "profit_growth": 90.447957778869}, {"year": "2020", "revenue": 1326405600, "profit": 260759900, "revenue_growth": 1.447929033863, "profit_growth": -14.109573248659}, {"year": "2019", "revenue": 1307474300, "profit": 303596000, "revenue_growth": 41.791683480472, "profit_growth": 57.549338605805}], "has_3years": true}