{"code": "sh688162", "reports": [{"year": "2021", "revenue": 986765700, "profit": 92252400, "revenue_growth": 30.085316433513, "profit_growth": 194.75851895139}, {"year": "2020", "revenue": 735828500, "profit": 31245200, "revenue_growth": null, "profit_growth": null}, {"year": "2021", "revenue": 2122797000, "profit": 130633500, "revenue_growth": 42.060624798608, "profit_growth": 1.85022033301}], "has_3years": true}