{"code": "sz300073", "reports": [{"year": "2010", "revenue": 846384200, "profit": 34629500, "revenue_growth": 58.327147599368, "profit_growth": -13.685170944796}, {"year": "2011", "revenue": 668483895.89, "profit": -739002.82, "revenue_growth": -21.018859296995, "profit_growth": -102.134026826838}, {"year": "2012", "revenue": 626123524.65, "profit": 14872815.27, "revenue_growth": -6.336782606199, "profit_growth": 2112.55189662199}], "has_3years": true}