{"code": "sz300752", "reports": [{"year": "2017", "revenue": 908348300, "profit": 99023600, "revenue_growth": 40.486742895774, "profit_growth": 69.237219144875}, {"year": "2018", "revenue": 1550229800, "profit": 161724000, "revenue_growth": 70.664688864393, "profit_growth": 63.318643232522}, {"year": "2020", "revenue": 2013041200, "profit": 44701600, "revenue_growth": 18.315116724319, "profit_growth": -47.60337998849}], "has_3years": true}