{"code": "sz003025", "reports": [{"year": "2020", "revenue": 388062815.33, "profit": 93633315.68, "revenue_growth": 18.918567637277, "profit_growth": 16.127892582054}, {"year": "2019", "revenue": 326326513.21, "profit": 80629479.79, "revenue_growth": -0.718190672455, "profit_growth": 5.373622357587}, {"year": "2021", "revenue": 477643253.67, "profit": 123460355.45, "revenue_growth": 23.084004651109, "profit_growth": 31.855157059627}], "has_3years": true}