{"code": "sz301170", "reports": [{"year": "2021", "revenue": 759307400, "profit": 80941700, "revenue_growth": 11.543904755304, "profit_growth": -30.895772101695}, {"year": "2022", "revenue": 383833200, "profit": 35100500, "revenue_growth": 0.388591564341, "profit_growth": -18.43498085205}, {"year": "2022", "revenue": 791372300, "profit": 72287200, "revenue_growth": 4.2229083437, "profit_growth": -9.715711399941}], "has_3years": true}