{"code": "sz002729", "reports": [{"year": "2013", "revenue": 206432608.38, "profit": 41625604.85, "revenue_growth": 20.116002411298, "profit_growth": 8.191216514567}, {"year": "2014", "revenue": 173276556.6, "profit": 34847824.11, "revenue_growth": -16.061441087334, "profit_growth": -16.282720129651}, {"year": "2015", "revenue": 156938258.93, "profit": 29713484.52, "revenue_growth": -9.429029518238, "profit_growth": -14.733601655567}], "has_3years": true}