{"code": "sh688248", "reports": [{"year": "2021", "revenue": 507437000, "profit": 40550800, "revenue_growth": 94.01822047718, "profit_growth": 363.480089608193}, {"year": "2020", "revenue": 261540900, "profit": 8749200, "revenue_growth": null, "profit_growth": null}, {"year": "2021", "revenue": 1385195700, "profit": 143038100, "revenue_growth": 24.284551854194, "profit_growth": 64.250568121141}], "has_3years": true}