{"code": "sz002420", "reports": [{"year": "2010", "revenue": 765323388.62, "profit": 52619286.52, "revenue_growth": 33.833590509187, "profit_growth": 50.272423251438}, {"year": "2010", "revenue": 1860630041.18, "profit": 136814959.81, "revenue_growth": 25.183574795165, "profit_growth": 12.110833736453}, {"year": "2011", "revenue": 935787484.76, "profit": 29753840.4, "revenue_growth": 22.273472714244, "profit_growth": -43.454496691644}], "has_3years": true}