{"code": "sz301280", "reports": [{"year": "2021", "revenue": 1049963000, "profit": 137194600, "revenue_growth": 48.070517418896, "profit_growth": 32.31563276116}], "has_3years": false}