{"code": "sh603328", "reports": [{"year": "2023", "revenue": 1600805419.24, "profit": 184528705.22, "revenue_growth": 6.935328843748, "profit_growth": 50.179209885613}, {"year": "2022", "revenue": 3058151461.78, "profit": 268541750.59, "revenue_growth": 5.159140180912, "profit_growth": 78.30538306025}, {"year": "2022", "revenue": 1496984613.55, "profit": 122872337.23, "revenue_growth": 6.157043917256, "profit_growth": 64.772247206999}], "has_3years": true}