{"code": "sh688625", "reports": [{"year": "2020", "revenue": 460262670.99, "profit": 116528433.31, "revenue_growth": 17.374238066136, "profit_growth": 30.52470389515}, {"year": "2021", "revenue": 576216798.96, "profit": 157026990.04, "revenue_growth": 25.193033300004, "profit_growth": 34.754227427277}, {"year": "2022", "revenue": 694903827.36, "profit": 195197312.1, "revenue_growth": 20.597634191543, "profit_growth": 24.308128207945}], "has_3years": true}