{"code": "sh688665", "reports": [{"year": "2020", "revenue": 307906374.74, "profit": 84474742.43, "revenue_growth": 32.004288446128, "profit_growth": 30.062069946078}, {"year": "2019", "revenue": 233254827.07, "profit": 64949560.21, "revenue_growth": 98.446003159491, "profit_growth": 487.890407029118}, {"year": "2021", "revenue": 547467125.72, "profit": 179679975.14, "revenue_growth": 77.803115048296, "profit_growth": 112.702601950982}], "has_3years": true}