{"code": "sz300088", "reports": [{"year": "2010", "revenue": 481018400, "profit": 116838900, "revenue_growth": 83.94247447848, "profit_growth": 92.974786196326}, {"year": "2009", "revenue": 261504800, "profit": 60546200, "revenue_growth": 23.287556006223, "profit_growth": 30.820156966544}, {"year": "2011", "revenue": 589318937.05, "profit": 152530058.36, "revenue_growth": 21.988756993283, "profit_growth": 30.202951127471}], "has_3years": true}