{"code": "sz300674", "reports": [{"year": "2017", "revenue": 1624278563.06, "profit": 187783108.64, "revenue_growth": 0.067514259564, "profit_growth": 6.03441777681}, {"year": "2018", "revenue": 2140560716.62, "profit": 195617892.13, "revenue_growth": 31.785320898859, "profit_growth": 4.172251459006}, {"year": "2020", "revenue": 2981587313.79, "profit": 452897119.62, "revenue_growth": 12.439462738393, "profit_growth": 65.18168418611}], "has_3years": true}