{"code": "sz301329", "reports": [{"year": "2022", "revenue": 442900400, "profit": 48046200, "revenue_growth": null, "profit_growth": null}, {"year": "2024", "revenue": 392508200, "profit": 37178400, "revenue_growth": 2.333760649333, "profit_growth": -2.41403114591}, {"year": "2023", "revenue": 773960000, "profit": 72550000, "revenue_growth": -11.41961051746, "profit_growth": -24.768480309987}], "has_3years": true}