{"code": "sz301279", "reports": [{"year": "2021", "revenue": 324213200, "profit": 37675700, "revenue_growth": 33.227323066136, "profit_growth": 24.65611610601}, {"year": "2020", "revenue": 243353400, "profit": 30223700, "revenue_growth": null, "profit_growth": null}, {"year": "2021", "revenue": 639769100, "profit": 79386500, "revenue_growth": 20.777281110293, "profit_growth": 11.411816707907}], "has_3years": true}