{"code": "sh600552", "reports": [{"year": "2007", "revenue": 248475600, "profit": 8889100, "revenue_growth": 9.840849955485, "profit_growth": 135.613524092645}, {"year": "2006", "revenue": 226214200, "profit": -24959900, "revenue_growth": -0.625689802686, "profit_growth": -6196.6658578456}, {"year": "2007", "revenue": 559207348.57, "profit": 27312843.08, "revenue_growth": 20.40009086584, "profit_growth": 139.901889541614}], "has_3years": true}