{"code": "sh600216", "reports": [{"year": "2010", "revenue": 4558265173.26, "profit": 1145059635.83, "revenue_growth": 8.951902601405, "profit_growth": -5.659725381229}, {"year": "2011", "revenue": 4825968378.67, "profit": 1012476289.18, "revenue_growth": 5.872918648534, "profit_growth": -11.551620617031}, {"year": "2013", "revenue": 2619191746.63, "profit": 357379485.27, "revenue_growth": -3.600585326132, "profit_growth": -34.317474414814}], "has_3years": true}