{"code": "sh688006", "reports": [{"year": "2018", "revenue": 1109306207.78, "profit": 286237510.24, "revenue_growth": 43.882099139274, "profit_growth": 58.503809703989}, {"year": "2020", "revenue": 1492867989.37, "profit": 371938769.07, "revenue_growth": 13.696777902534, "profit_growth": 27.731653496144}, {"year": "2019", "revenue": 1313025766.35, "profit": 291187625.69, "revenue_growth": 18.364591953172, "profit_growth": 1.729373430425}], "has_3years": true}