{"code": "sz002112", "reports": [{"year": "2006", "revenue": 760228700, "profit": 27359500, "revenue_growth": 14.745388231723, "profit_growth": 11.101586719242}, {"year": "2008", "revenue": 457700299.2, "profit": 15008391.62, "revenue_growth": 14.140007426335, "profit_growth": 6.018709906761}, {"year": "2007", "revenue": 400999009.48, "profit": 14156361.3, "revenue_growth": 6.323175535662, "profit_growth": -5.550116352535}], "has_3years": true}