{"code": "sz000049", "reports": [{"year": "2010", "revenue": 1325173151.24, "profit": 87624163.69, "revenue_growth": 44.623493775589, "profit_growth": 606.716609328959}, {"year": "2011", "revenue": 824464376.16, "profit": 40000820.82, "revenue_growth": 70.511807696718, "profit_growth": 76.14571677749}, {"year": "2011", "revenue": 2254184523.91, "profit": 114019776.83, "revenue_growth": 71.288211429682, "profit_growth": 59.746015630708}], "has_3years": true}