{"code": "sh688579", "reports": [{"year": "2016", "revenue": 291529190.16, "profit": 54234360.56, "revenue_growth": -0.788676155732, "profit_growth": 13.413341690485}, {"year": "2018", "revenue": 416659584.95, "profit": 93579725.42, "revenue_growth": 27.746426347527, "profit_growth": 32.927509475139}, {"year": "2017", "revenue": 326161440.96, "profit": 70399066.22, "revenue_growth": 11.879513945411, "profit_growth": 29.805284865702}], "has_3years": true}