{"code": "sz003028", "reports": [{"year": "2020", "revenue": 994186700, "profit": 173659900, "revenue_growth": 42.736008216834, "profit_growth": 50.027558919068}, {"year": "2019", "revenue": 696521300, "profit": 115752000, "revenue_growth": 22.723123478357, "profit_growth": 34.958443969426}], "has_3years": false}