{"code": "sz301557", "reports": [{"year": "2022", "revenue": 739801900, "profit": 87539200, "revenue_growth": 19.399950979606, "profit_growth": 41.596931451998}], "has_3years": false}