{"code": "sh603125", "reports": [{"year": "2022", "revenue": 963610100, "profit": 190652700, "revenue_growth": 27.065968413424, "profit_growth": 32.733744454892}], "has_3years": false}