{"code": "sz301129", "reports": [{"year": "2020", "revenue": 415993600, "profit": 134222700, "revenue_growth": 19.439851303851, "profit_growth": 38.267864106893}, {"year": "2021", "revenue": 70591000, "profit": 8431800, "revenue_growth": 130.90259298604, "profit_growth": 178.329562540625}, {"year": "2020", "revenue": 30571800, "profit": -12579100, "revenue_growth": null, "profit_growth": null}], "has_3years": true}