{"code": "sh603248", "reports": [{"year": "2025", "revenue": 580439300, "profit": 94955000, "revenue_growth": 36.67122087147, "profit_growth": 52.986132206115}], "has_3years": false}