{"code": "sh600562", "reports": [{"year": "2023", "revenue": 3282072400, "profit": 599154100, "revenue_growth": 1.772643750921, "profit_growth": 9.08496880772}, {"year": "2022", "revenue": 3224906300, "profit": 549254500, "revenue_growth": -6.038572497008, "profit_growth": 4.434188164033}], "has_3years": false}