{"code": "sz300373", "reports": [{"year": "2013", "revenue": 530057100, "profit": 99691500, "revenue_growth": 16.7043100912, "profit_growth": 38.511469647379}, {"year": "2014", "revenue": 647811800, "profit": 112230700, "revenue_growth": 22.215474521519, "profit_growth": 12.578003139686}, {"year": "2015", "revenue": 833893400, "profit": 137802700, "revenue_growth": 28.724638853445, "profit_growth": 22.785209394577}], "has_3years": true}