{"code": "sh688093", "reports": [{"year": "2020", "revenue": 102456400, "profit": 29277000, "revenue_growth": 30.656846911347, "profit_growth": 71.80098278401}, {"year": "2019", "revenue": 78416400, "profit": 17041200, "revenue_growth": null, "profit_growth": null}, {"year": "2020", "revenue": 328956000, "profit": 128921000, "revenue_growth": 36.502520065987, "profit_growth": 58.021946431761}], "has_3years": true}