{"code": "sz301015", "reports": [{"year": "2020", "revenue": 5879322900, "profit": 272896700, "revenue_growth": 21.25656659134, "profit_growth": 30.030573466419}], "has_3years": false}