{"code": "sh688376", "reports": [{"year": "2021", "revenue": 576580300, "profit": 53332900, "revenue_growth": 34.801321406695, "profit_growth": 15.914124323255}, {"year": "2020", "revenue": 427726000, "profit": 46010700, "revenue_growth": null, "profit_growth": null}, {"year": "2022", "revenue": 1227003300, "profit": 123071500, "revenue_growth": 6.722332027155, "profit_growth": 13.697273497412}], "has_3years": true}