{"code": "sz002765", "reports": [{"year": "2015", "revenue": 404521584.18, "profit": 37260534.36, "revenue_growth": 22.340167244815, "profit_growth": 22.403003898512}, {"year": "2014", "revenue": 330653123.41, "profit": 30440865.97, "revenue_growth": null, "profit_growth": null}, {"year": "2014", "revenue": 780694115.02, "profit": 81428310.72, "revenue_growth": 19.120102834013, "profit_growth": 50.981073312155}], "has_3years": true}