{"code": "sh688531", "reports": [{"year": "2022", "revenue": 484675500, "profit": 71725100, "revenue_growth": 40.045440804379, "profit_growth": 41.147095308595}, {"year": "2023", "revenue": 587392800, "profit": 114238400, "revenue_growth": 21.193004391598, "profit_growth": 59.27255591139}, {"year": "2024", "revenue": 739495900, "profit": 141103900, "revenue_growth": 25.894614302389, "profit_growth": 23.517048558103}], "has_3years": true}