{"code": "sh688557", "reports": [{"year": "2020", "revenue": 451802458.71, "profit": 83747341.49, "revenue_growth": 14.264221514694, "profit_growth": 14.192141261961}, {"year": "2019", "revenue": 395401511.27, "profit": 73338971.11, "revenue_growth": 13.457422980864, "profit_growth": 105.101922411604}, {"year": "2021", "revenue": 603889939.33, "profit": 80502415.8, "revenue_growth": 33.662384453207, "profit_growth": -3.874661132243}], "has_3years": true}