{"code": "sz300829", "reports": [{"year": "2016", "revenue": 585798459.58, "profit": 53733702.14, "revenue_growth": 2.825441323914, "profit_growth": 47.980230476287}, {"year": "2018", "revenue": 802023098.26, "profit": 83466452.9, "revenue_growth": 22.935359634212, "profit_growth": 75.122179331541}, {"year": "2017", "revenue": 652394153.03, "profit": 47661839.99, "revenue_growth": 11.368362678479, "profit_growth": -11.299914035665}], "has_3years": true}