{"code": "sz002444", "reports": [{"year": "2010", "revenue": 816212745.27, "profit": 135140097.37, "revenue_growth": 14.052400615058, "profit_growth": 28.383791340053}, {"year": "2010", "revenue": 1887585349.12, "profit": 265034907.45, "revenue_growth": 20.667500422624, "profit_growth": 23.126468922231}, {"year": "2011", "revenue": 2160316556.78, "profit": 274914394.26, "revenue_growth": 14.758915694488, "profit_growth": 2.583420645905}], "has_3years": true}