{"code": "sz301499", "reports": [{"year": "2022", "revenue": 327465900, "profit": 22570700, "revenue_growth": 0.126095975625, "profit_growth": -4.156475849579}, {"year": "2021", "revenue": 327053500, "profit": 23549500, "revenue_growth": null, "profit_growth": null}], "has_3years": false}