{"code": "sz002202", "reports": [{"year": "2008", "revenue": 6456370200, "profit": 916668900, "revenue_growth": 108.066906303718, "profit_growth": 45.595649676119}, {"year": "2007", "revenue": 3103026000, "profit": 629599100, "revenue_growth": 102.774660979807, "profit_growth": 96.981263151977}, {"year": "2009", "revenue": 10738355200, "profit": 1745579200, "revenue_growth": 66.284788155257, "profit_growth": 92.582179499826}], "has_3years": true}