{"code": "sh600498", "reports": [{"year": "2018", "revenue": 24236381517.48, "profit": 841910389.81, "revenue_growth": 15.103167413265, "profit_growth": 2.054273281658}, {"year": "2017", "revenue": 21056224656.67, "profit": 824963387.36, "revenue_growth": 21.284083360561, "profit_growth": 8.485955537245}, {"year": "2024", "revenue": 28502674542.31, "profit": 699336894.26, "revenue_growth": -8.438598321969, "profit_growth": 38.381924594692}], "has_3years": true}