{"code": "sz301322", "reports": [{"year": "2021", "revenue": 1016943900, "profit": 127270600, "revenue_growth": 82.276642643584, "profit_growth": 144.147515968491}], "has_3years": false}