{"code": "sz002649", "reports": [{"year": "2011", "revenue": 685725418.55, "profit": 71642356.52, "revenue_growth": 59.717086532115, "profit_growth": 29.516568837768}, {"year": "2012", "revenue": 814852918.47, "profit": 95741550.48, "revenue_growth": 18.830788013232, "profit_growth": 33.638192726495}, {"year": "2013", "revenue": 1328834325.23, "profit": 127907426.65, "revenue_growth": 63.076586597379, "profit_growth": 33.596569105823}], "has_3years": true}