{"code": "sz002801", "reports": [{"year": "2015", "revenue": 397031059.54, "profit": 82224572.25, "revenue_growth": 0.706686248371, "profit_growth": 16.007999094299}, {"year": "2016", "revenue": 441075301.56, "profit": 99938123.95, "revenue_growth": 11.09339961237, "profit_growth": 21.542893097872}, {"year": "2018", "revenue": 297517814.65, "profit": 51077174.57, "revenue_growth": 4.712800452558, "profit_growth": -7.160932380596}], "has_3years": true}