{"code": "sh688247", "reports": [{"year": "2022", "revenue": 127853200, "profit": 40204200, "revenue_growth": -18.125101699559, "profit_growth": 8.813418302961}, {"year": "2021", "revenue": 156156800, "profit": 36947800, "revenue_growth": null, "profit_growth": null}, {"year": "2022", "revenue": 247562400, "profit": 92941500, "revenue_growth": -21.525999570166, "profit_growth": -31.111580539002}], "has_3years": true}