{"code": "sz301011", "reports": [{"year": "2020", "revenue": 424947700, "profit": 46058300, "revenue_growth": -14.700656539428, "profit_growth": -22.939595061794}], "has_3years": false}