{"code": "sz002879", "reports": [{"year": "2016", "revenue": 546573425.85, "profit": 115215190.44, "revenue_growth": 3.818488857913, "profit_growth": 5.334789829497}, {"year": "2017", "revenue": 616891573.3, "profit": 120954493.11, "revenue_growth": 12.865270085286, "profit_growth": 4.98137671611}, {"year": "2019", "revenue": 852775282.9, "profit": 145454516.57, "revenue_growth": 22.746530494226, "profit_growth": 13.357175928065}], "has_3years": true}