{"code": "sz300802", "reports": [{"year": "2019", "revenue": 423247957.2, "profit": 86865538.75, "revenue_growth": -8.070599953816, "profit_growth": -12.394351631964}, {"year": "2018", "revenue": 460405438.29, "profit": 99155180.48, "revenue_growth": 30.356532910859, "profit_growth": 47.157458783934}], "has_3years": false}