{"code": "sz300347", "reports": [{"year": "2011", "revenue": 193263834.15, "profit": 47791761.59, "revenue_growth": 57.324505121196, "profit_growth": 50.718567204782}, {"year": "2012", "revenue": 254315147.76, "profit": 67748512.86, "revenue_growth": 31.589621451169, "profit_growth": 41.757722682848}, {"year": "2013", "revenue": 336518889.55, "profit": 94056536.93, "revenue_growth": 32.323572745882, "profit_growth": 38.831884213259}], "has_3years": true}