{"code": "sh601231", "reports": [{"year": "2011", "revenue": 12707589804.5, "profit": 451759446.86, "revenue_growth": -7.296715914736, "profit_growth": -16.12968202649}, {"year": "2012", "revenue": 5783297081.57, "profit": 233310144.58, "revenue_growth": -11.490545747723, "profit_growth": 24.374351603039}, {"year": "2012", "revenue": 13335294595.52, "profit": 647333739.09, "revenue_growth": 4.93960539077, "profit_growth": 43.291688439358}], "has_3years": true}