{"code": "sh688565", "reports": [{"year": "2021", "revenue": 331816800, "profit": 17245600, "revenue_growth": 22.59162872356, "profit_growth": -60.86282608449}, {"year": "2020", "revenue": 270668400, "profit": 44064500, "revenue_growth": -18.788816507079, "profit_growth": -15.539527465591}, {"year": "2022", "revenue": 203153900, "profit": -36324400, "revenue_growth": -38.775282023092, "profit_growth": -310.629957786334}], "has_3years": true}