{"code": "sz300525", "reports": [{"year": "2015", "revenue": 153197500, "profit": 36732000, "revenue_growth": 27.651887002189, "profit_growth": 17.786220529515}, {"year": "2016", "revenue": 171251300, "profit": 38301600, "revenue_growth": 11.784657060331, "profit_growth": 4.273113361647}, {"year": "2017", "revenue": 309882400, "profit": 54685100, "revenue_growth": 80.951852628272, "profit_growth": 42.774975457944}], "has_3years": true}