{"code": "sh688118", "reports": [{"year": "2018", "revenue": 340191600, "profit": 48031400, "revenue_growth": 7.223228096682, "profit_growth": 13.410479537359}, {"year": "2020", "revenue": 360718200, "profit": 31365200, "revenue_growth": -8.904622623546, "profit_growth": -37.612233612997}, {"year": "2019", "revenue": 395978600, "profit": 50274600, "revenue_growth": 16.398700026691, "profit_growth": 4.670278193015}], "has_3years": true}