{"code": "sh600570", "reports": [{"year": "2012", "revenue": 357891106, "profit": 57974306.95, "revenue_growth": -3.192988230963, "profit_growth": -15.885911720024}, {"year": "2011", "revenue": 369695437.82, "profit": 68923420.72, "revenue_growth": 25.418946822311, "profit_growth": 28.068586170361}, {"year": "2012", "revenue": 961349900, "profit": 217277300, "revenue_growth": -8.285064569191, "profit_growth": -14.595781227583}], "has_3years": true}