{"code": "sh688002", "reports": [{"year": "2018", "revenue": 384104700, "profit": 125168100, "revenue_growth": 146.660048047068, "profit_growth": 94.508701510002}, {"year": "2020", "revenue": 1561442500, "profit": 584203800, "revenue_growth": 128.062240864504, "profit_growth": 189.115481632477}, {"year": "2019", "revenue": 684656300, "profit": 202065900, "revenue_growth": 78.247311214885, "profit_growth": 61.435621376373}], "has_3years": true}