{"code": "sz002564", "reports": [{"year": "2010", "revenue": 1051220052.67, "profit": 135757498.23, "revenue_growth": 13.987805856746, "profit_growth": 12.830026916731}, {"year": "2011", "revenue": 1473133852.51, "profit": 144263553.44, "revenue_growth": 40.035209444114, "profit_growth": 5.430189334111}, {"year": "2012", "revenue": 1791665498.96, "profit": 111708578.44, "revenue_growth": 21.622722599665, "profit_growth": -22.56631992192}], "has_3years": true}