{"code": "sh603897", "reports": [{"year": "2018", "revenue": 4979471800, "profit": 180799600, "revenue_growth": 8.628384304902, "profit_growth": 1.903192879837}, {"year": "2017", "revenue": 4583950900, "profit": 177422900, "revenue_growth": 41.975291250424, "profit_growth": 55.843341371831}], "has_3years": false}