{"code": "sz300360", "reports": [{"year": "2013", "revenue": 766170531.47, "profit": 171819538.09, "revenue_growth": 6.726110068257, "profit_growth": 28.430738527443}, {"year": "2014", "revenue": 988325039.29, "profit": 213887706.36, "revenue_growth": 28.995438834455, "profit_growth": 24.483925831511}, {"year": "2015", "revenue": 1086836362.57, "profit": 236132955.72, "revenue_growth": 9.967502528396, "profit_growth": 10.400433825102}], "has_3years": true}