{"code": "sz002859", "reports": [{"year": "2016", "revenue": 328960537.31, "profit": 53597735.86, "revenue_growth": null, "profit_growth": null}, {"year": "2016", "revenue": 753373949.49, "profit": 138116721.4, "revenue_growth": 27.656865851871, "profit_growth": 54.666200818749}, {"year": "2018", "revenue": 597881301.97, "profit": 105127593.02, "revenue_growth": 36.804621862905, "profit_growth": 30.611158470657}], "has_3years": true}