{"code": "sz002409", "reports": [{"year": "2010", "revenue": 892640264.83, "profit": 68715537.64, "revenue_growth": 56.426191516832, "profit_growth": -4.053069062002}, {"year": "2011", "revenue": 1005261461.82, "profit": 72671682.62, "revenue_growth": 12.616638687193, "profit_growth": 8.618705855381}, {"year": "2013", "revenue": 634825914.48, "profit": 33294322.95, "revenue_growth": 29.422017218852, "profit_growth": -8.803325250616}], "has_3years": true}