{"code": "sz002006", "reports": [{"year": "2005", "revenue": 170021141.56, "profit": 12255688.81, "revenue_growth": 26.694805211158, "profit_growth": 6.432686198094}, {"year": "2005", "revenue": 372283752.63, "profit": 18451241.94, "revenue_growth": 27.403744227324, "profit_growth": -25.516547785643}, {"year": "2007", "revenue": 247163819.92, "profit": 5507068.99, "revenue_growth": 10.987816056865, "profit_growth": -27.333193558474}], "has_3years": true}