{"code": "sh688372", "reports": [{"year": "2022", "revenue": 733023300, "profit": 243327300, "revenue_growth": 48.642760344183, "profit_growth": 84.093962879684}, {"year": "2021", "revenue": 493144300, "profit": 132175600, "revenue_growth": 205.927953902245, "profit_growth": 279.310670029414}, {"year": "2023", "revenue": 736524800, "profit": 117996300, "revenue_growth": 0.477679222475, "profit_growth": -51.507167506482}], "has_3years": true}