{"code": "sh605507", "reports": [{"year": "2022", "revenue": 5720924721.91, "profit": 920904230.12, "revenue_growth": 26.980678180524, "profit_growth": 30.434090947059}, {"year": "2021", "revenue": 4505350580.8, "profit": 706030320.32, "revenue_growth": 7.109130369111, "profit_growth": -12.835771487073}], "has_3years": false}