{"code": "sz301305", "reports": [{"year": "2022", "revenue": 930915900, "profit": 135308300, "revenue_growth": 72.772095391997, "profit_growth": 60.758270219793}, {"year": "2021", "revenue": 611019900, "profit": 110622500, "revenue_growth": null, "profit_growth": null}], "has_3years": false}