{"code": "sz002281", "reports": [{"year": "2009", "revenue": 730484300, "profit": 98187800, "revenue_growth": 11.721696869552, "profit_growth": 29.169946486867}, {"year": "2012", "revenue": 2103662919.11, "profit": 160230389.47, "revenue_growth": 1.513346498832, "profit_growth": -1.56453975384}, {"year": "2011", "revenue": 2072301812.19, "profit": 162777101.94, "revenue_growth": 126.640214400561, "profit_growth": 28.348224180339}], "has_3years": true}