{"code": "sz001311", "reports": [{"year": "2023", "revenue": 1733945461.73, "profit": 247815403.93, "revenue_growth": 25.583082741225, "profit_growth": 34.618606039504}, {"year": "2022", "revenue": null, "profit": null, "revenue_growth": null, "profit_growth": null}, {"year": "2022", "revenue": 1380715796.97, "profit": 184087037.61, "revenue_growth": 16.263441419962, "profit_growth": 5.01221194337}], "has_3years": true}