{"code": "sh688588", "reports": [{"year": "2020", "revenue": 630091600, "profit": 200747700, "revenue_growth": 5.609726213904, "profit_growth": 33.974169884531}, {"year": "2019", "revenue": 596622700, "profit": 149840600, "revenue_growth": 27.742002095628, "profit_growth": 64.041093145236}, {"year": "2021", "revenue": 652663300, "profit": 145993100, "revenue_growth": 3.582288670409, "profit_growth": -27.275331174405}], "has_3years": true}