{"code": "sh688092", "reports": [{"year": "2020", "revenue": 222569600, "profit": 48892900, "revenue_growth": 5.387817869411, "profit_growth": 9.330216342682}, {"year": "2019", "revenue": 100216700, "profit": 18830000, "revenue_growth": null, "profit_growth": null}, {"year": "2021", "revenue": 318828700, "profit": 53224800, "revenue_growth": 43.248988181674, "profit_growth": 8.859977624563}], "has_3years": true}