{"code": "sh688131", "reports": [{"year": "2021", "revenue": 969225559.54, "profit": 190979580.89, "revenue_growth": 52.609741638072, "profit_growth": 48.699480173912}, {"year": "2020", "revenue": 635100714.5, "profit": 128433253.88, "revenue_growth": 55.293116943867, "profit_growth": 74.906580006797}, {"year": "2022", "revenue": 1358053975.22, "profit": 193643498.25, "revenue_growth": 40.117433125117, "profit_growth": 1.394870251357}], "has_3years": true}