{"code": "sh603236", "reports": [{"year": "2021", "revenue": 11261921700, "profit": 358060200, "revenue_growth": 84.446914344793, "profit_growth": 89.433804545647}, {"year": "2020", "revenue": 6105779400, "profit": 189016000, "revenue_growth": 47.848786501209, "profit_growth": 27.712238272298}, {"year": "2022", "revenue": 14230246500, "profit": 623801300, "revenue_growth": 26.357178455609, "profit_growth": 74.216877497136}], "has_3years": true}