{"code": "sz300604", "reports": [{"year": "2016", "revenue": 124134529.66, "profit": 41416607.75, "revenue_growth": 22.220329489312, "profit_growth": 66.245961829501}, {"year": "2017", "revenue": 179794483.54, "profit": 50252869.98, "revenue_growth": 44.83841364079, "profit_growth": 21.335069939425}, {"year": "2019", "revenue": 403041511.99, "profit": 12784242, "revenue_growth": 86.488383668602, "profit_growth": -64.946886299174}], "has_3years": true}