{"code": "sh600866", "reports": [{"year": "2009", "revenue": 562728093, "profit": 52170526.45, "revenue_growth": 22.641601919547, "profit_growth": 291.151302796904}, {"year": "2012", "revenue": 424356000, "profit": -54058700, "revenue_growth": -22.177326885672, "profit_growth": -148.854720957937}, {"year": "2012", "revenue": 1091200516.09, "profit": -202848854.65, "revenue_growth": 2.644381156425, "profit_growth": -331.335756093029}], "has_3years": true}