{"code": "sh603358", "reports": [{"year": "2020", "revenue": 4133829000, "profit": 229140100, "revenue_growth": -1.046211719405, "profit_growth": 47.020722256925}, {"year": "2019", "revenue": 4177534859.28, "profit": 155855648.43, "revenue_growth": 3.087193609319, "profit_growth": -24.277712130035}, {"year": "2021", "revenue": 4723947100, "profit": 360569700, "revenue_growth": 14.275338917019, "profit_growth": 57.357747509057}], "has_3years": true}