{"code": "sz002617", "reports": [{"year": "2011", "revenue": 2870671156.58, "profit": 52929335.98, "revenue_growth": 6.476500343725, "profit_growth": -9.069738911808}, {"year": "2012", "revenue": 2626095429.4, "profit": 32485029.72, "revenue_growth": -8.519809962189, "profit_growth": -38.625661708141}, {"year": "2013", "revenue": 2729705511.48, "profit": 38109921.14, "revenue_growth": 3.945404303288, "profit_growth": 17.315334073827}], "has_3years": true}