{"code": "sz300031", "reports": [{"year": "2010", "revenue": 334246900, "profit": 44194000, "revenue_growth": 20.794889829483, "profit_growth": -8.51075461255}, {"year": "2011", "revenue": 444710000, "profit": 36119900, "revenue_growth": 33.048365166412, "profit_growth": -18.269759039361}, {"year": "2012", "revenue": 553008200, "profit": 80756700, "revenue_growth": 24.352544354748, "profit_growth": 123.579522645412}], "has_3years": true}