{"code": "sz301667", "reports": [{"year": "2025", "revenue": 743111200, "profit": 31683300, "revenue_growth": 45.880646655151, "profit_growth": 32.240211361957}, {"year": "2024", "revenue": 509396700, "profit": 23958900, "revenue_growth": null, "profit_growth": null}], "has_3years": false}