{"code": "sz000100", "reports": [{"year": "2007", "revenue": 39067332100, "profit": 380841600, "revenue_growth": -19.798692631879, "profit_growth": 120.463160555291}, {"year": "2006", "revenue": 48711590100, "profit": -1861108400, "revenue_growth": -5.735812561153, "profit_growth": -481.155060376027}, {"year": "2014", "revenue": 101009940000, "profit": 3184650000, "revenue_growth": 18.383846812782, "profit_growth": 50.997833168174}], "has_3years": true}