{"code": "sz300274", "reports": [{"year": "2012", "revenue": 362291182.36, "profit": 45103454.82, "revenue_growth": 24.00504091603, "profit_growth": -27.869215874788}, {"year": "2011", "revenue": 292158431.37, "profit": 62530104.68, "revenue_growth": null, "profit_growth": null}, {"year": "2011", "revenue": 873644321.24, "profit": 172548069.31, "revenue_growth": 45.891530477481, "profit_growth": 16.560529947077}], "has_3years": true}