{"code": "sh688015", "reports": [{"year": "2019", "revenue": 557171400, "profit": 31203800, "revenue_growth": 23.46431305375, "profit_growth": 69.952748317958}, {"year": "2018", "revenue": 451281300, "profit": 18360300, "revenue_growth": null, "profit_growth": null}, {"year": "2018", "revenue": 1162520500, "profit": 66395200, "revenue_growth": 32.161707894432, "profit_growth": 47.958390867096}], "has_3years": true}