{"code": "sz300566", "reports": [{"year": "2015", "revenue": 472439908.05, "profit": 57322577.02, "revenue_growth": 20.947586726081, "profit_growth": 13.22031444735}, {"year": "2016", "revenue": 611382300, "profit": 59252600, "revenue_growth": 29.40953750573, "profit_growth": 3.366950825199}, {"year": "2017", "revenue": 738284500, "profit": 60421000, "revenue_growth": 20.756603519598, "profit_growth": 1.97189659188}], "has_3years": true}