{"code": "sh601728", "reports": [{"year": "2023", "revenue": 507843000000, "profit": 30446000000, "revenue_growth": 6.921744036954, "profit_growth": 10.339578878701}, {"year": "2022", "revenue": 474967000000, "profit": 27593000000, "revenue_growth": 9.399179490655, "profit_growth": 6.319869842702}], "has_3years": false}