{"code": "sz002562", "reports": [{"year": "2011", "revenue": 620701193.45, "profit": 51097407.3, "revenue_growth": 3.980502897535, "profit_growth": 1.241711821749}, {"year": "2012", "revenue": 775006213.13, "profit": -56722130.9, "revenue_growth": 24.859791040893, "profit_growth": -211.007845401972}, {"year": "2013", "revenue": 784216381.37, "profit": 18428794.74, "revenue_growth": 1.188399277833, "profit_growth": 132.489602290312}], "has_3years": true}