{"code": "sz002632", "reports": [{"year": "2012", "revenue": 165206221.92, "profit": 22975802.4, "revenue_growth": -10.566563461224, "profit_growth": -25.258233211564}, {"year": "2011", "revenue": 408108337.44, "profit": 74505470.62, "revenue_growth": 24.747633148281, "profit_growth": 103.390964888199}, {"year": "2012", "revenue": 362503700.55, "profit": 38978014.14, "revenue_growth": -11.174639845898, "profit_growth": -47.684359530055}], "has_3years": true}