{"code": "sz002558", "reports": [{"year": "2010", "revenue": 253275354.03, "profit": 37584286.7, "revenue_growth": 37.933928326793, "profit_growth": 62.730204947925}, {"year": "2011", "revenue": 322148342.67, "profit": 43443176.56, "revenue_growth": 27.192929570179, "profit_growth": 15.588668495337}, {"year": "2012", "revenue": 351337283.58, "profit": 40190472.36, "revenue_growth": 9.060714287113, "profit_growth": -7.487261424145}], "has_3years": true}