{"code": "sz000700", "reports": [{"year": "2013", "revenue": 2901251400, "profit": 219721500, "revenue_growth": 17.727063897979, "profit_growth": 20.210777753827}, {"year": "2012", "revenue": 2464387800, "profit": 182780200, "revenue_growth": 25.46184181241, "profit_growth": 140.904918185931}, {"year": "2016", "revenue": 4026621344.4, "profit": 251873623.55, "revenue_growth": 28.38541789543, "profit_growth": -14.743076300253}], "has_3years": true}