{"code": "sz300279", "reports": [{"year": "2011", "revenue": 313439230.54, "profit": 35559560.82, "revenue_growth": 12.42532823515, "profit_growth": 14.94303397003}, {"year": "2012", "revenue": 298351213.8, "profit": 18467446.05, "revenue_growth": -4.813697607031, "profit_growth": -48.066158231029}, {"year": "2013", "revenue": 492815338.37, "profit": 17692846.01, "revenue_growth": 65.179598934147, "profit_growth": -4.194408029691}], "has_3years": true}