{"code": "sz002063", "reports": [{"year": "2005", "revenue": 101988844.37, "profit": 26445088.03, "revenue_growth": 29.749595742165, "profit_growth": 14.94898587074}, {"year": "2006", "revenue": 48030773.5, "profit": 11908510.74, "revenue_growth": 31.944343651434, "profit_growth": 118.509315582174}, {"year": "2006", "revenue": 124739990.28, "profit": 38519746.94, "revenue_growth": 22.307484755355, "profit_growth": 45.659363645537}], "has_3years": true}