{"code": "sz300790", "reports": [{"year": "2019", "revenue": 1231658513.24, "profit": 103452407.37, "revenue_growth": 23.451158446943, "profit_growth": 5.486050576012}, {"year": "2018", "revenue": 997688906.88, "profit": 98072121.2, "revenue_growth": 29.566086399038, "profit_growth": 41.50225773418}, {"year": "2023", "revenue": 2145518800.85, "profit": 30801123.43, "revenue_growth": 16.214562958424, "profit_growth": -78.634415909929}], "has_3years": true}