{"code": "sh688630", "reports": [{"year": "2021", "revenue": 492245130.08, "profit": 106157288.87, "revenue_growth": 58.743898821499, "profit_growth": 49.435341846053}, {"year": "2020", "revenue": 310087589.97, "profit": 71038944.04, "revenue_growth": 53.31048784295, "profit_growth": 49.162787776888}, {"year": "2022", "revenue": 652276571.62, "profit": 136585006.8, "revenue_growth": 32.510517983995, "profit_growth": 28.662862676591}], "has_3years": true}