{"code": "sz300456", "reports": [{"year": "2014", "revenue": 169391000, "profit": 53943300, "revenue_growth": 1.333485927258, "profit_growth": -3.148457525935}, {"year": "2015", "revenue": 170973900, "profit": 47630400, "revenue_growth": 0.934465231329, "profit_growth": -11.702843541274}, {"year": "2016", "revenue": 336955800, "profit": 59059200, "revenue_growth": 97.080256109266, "profit_growth": 23.9947596493}], "has_3years": true}