{"code": "sh688112", "reports": [{"year": "2020", "revenue": 92194600, "profit": 22635700, "revenue_growth": null, "profit_growth": null}, {"year": "2021", "revenue": 303823200, "profit": 81058500, "revenue_growth": 37.600899998777, "profit_growth": 50.917418381881}, {"year": "2020", "revenue": 220800300, "profit": 53710500, "revenue_growth": 16.486896615509, "profit_growth": 51.600607914641}], "has_3years": true}