{"code": "sh688100", "reports": [{"year": "2019", "revenue": 613398600, "profit": 113446000, "revenue_growth": 16.187554492637, "profit_growth": 37.185713318306}, {"year": "2018", "revenue": 527938300, "profit": 82695200, "revenue_growth": null, "profit_growth": null}, {"year": "2018", "revenue": 1038641000, "profit": 177054600, "revenue_growth": 4.376232033906, "profit_growth": 19.03228108798}], "has_3years": true}