{"code": "sh688312", "reports": [{"year": "2020", "revenue": 350363861.94, "profit": 102281552.96, "revenue_growth": 29.362143933289, "profit_growth": 12.084646365267}, {"year": "2019", "revenue": 270839560.39, "profit": 91253848.12, "revenue_growth": 11.051425602394, "profit_growth": 37.92078499562}, {"year": "2021", "revenue": 427554400, "profit": 122390500, "revenue_growth": 22.031535339458, "profit_growth": 19.660384945332}], "has_3years": true}