{"code": "sh688484", "reports": [{"year": "2023", "revenue": 1780402300, "profit": 261357500, "revenue_growth": 36.871815758658, "profit_growth": 6.152139045361}, {"year": "2022", "revenue": 1300780800, "profit": 246210300, "revenue_growth": 32.169970104077, "profit_growth": 0.893419674232}, {"year": "2024", "revenue": 2567209900, "profit": 303217300, "revenue_growth": 44.192686113695, "profit_growth": 16.016299513119}], "has_3years": true}