{"code": "sh688230", "reports": [{"year": "2021", "revenue": 263397500, "profit": 63612300, "revenue_growth": 97.4499923538, "profit_growth": 140.040074413129}, {"year": "2020", "revenue": 133399600, "profit": 26500700, "revenue_growth": null, "profit_growth": null}, {"year": "2021", "revenue": 475649500, "profit": 114526300, "revenue_growth": 29.128330592764, "profit_growth": 54.423451872747}], "has_3years": true}