{"code": "sh600360", "reports": [{"year": "2018", "revenue": 1709262283.67, "profit": 103825369.84, "revenue_growth": 4.549050439071, "profit_growth": 9.458280996573}, {"year": "2017", "revenue": 1634890299.33, "profit": 94853828.23, "revenue_growth": 17.123936549054, "profit_growth": 133.52279171803}, {"year": "2021", "revenue": 2210055200, "profit": 110125600, "revenue_growth": 28.597479924747, "profit_growth": 222.174243754023}], "has_3years": true}