{"code": "sz300777", "reports": [{"year": "2018", "revenue": 212600605.73, "profit": 120501801.72, "revenue_growth": 25.751723639303, "profit_growth": 9.148676979755}, {"year": "2020", "revenue": 389515378.89, "profit": 232343656.6, "revenue_growth": 66.136669825344, "profit_growth": 70.086443493932}, {"year": "2019", "revenue": 234454789.12, "profit": 136603277.62, "revenue_growth": 10.279454903226, "profit_growth": 13.362020874521}], "has_3years": true}