{"code": "sz300763", "reports": [{"year": "2019", "revenue": 1123422556.61, "profit": 125471198.49, "revenue_growth": 35.126777751724, "profit_growth": 6.27377718008}, {"year": "2018", "revenue": 831384108.54, "profit": 118064118.75, "revenue_growth": 0.959674703589, "profit_growth": 0.212152182344}], "has_3years": false}