{"code": "sh688600", "reports": [{"year": "2020", "revenue": 417273100, "profit": 58857400, "revenue_growth": 2.014282431289, "profit_growth": -11.499152694012}, {"year": "2019", "revenue": 409034000, "profit": 66504900, "revenue_growth": 25.290973659282, "profit_growth": 27.803995336353}, {"year": "2021", "revenue": 562452400, "profit": 47483400, "revenue_growth": 34.792393758428, "profit_growth": -19.324672853371}], "has_3years": true}