{"code": "sz300692", "reports": [{"year": "2016", "revenue": 177891400, "profit": 46187800, "revenue_growth": 20.328320646463, "profit_growth": 40.738366665179}, {"year": "2017", "revenue": 232532900, "profit": 50688800, "revenue_growth": 30.716212250845, "profit_growth": 9.744997596768}, {"year": "2019", "revenue": 649522800, "profit": 95040100, "revenue_growth": 66.48582421047, "profit_growth": 57.23479477936}], "has_3years": true}