{"code": "sz001324", "reports": [{"year": "2022", "revenue": 517614000, "profit": 66655000, "revenue_growth": 7.785669030616, "profit_growth": 0.839283366053}], "has_3years": false}