{"code": "sz001339", "reports": [{"year": "2024", "revenue": 4034141912.15, "profit": 124922554.09, "revenue_growth": 10.058707487627, "profit_growth": 280.728705842035}, {"year": "2023", "revenue": 3665445473.82, "profit": 32811435.59, "revenue_growth": 20.864614143806, "profit_growth": -72.441647557948}], "has_3years": false}