{"code": "sh603005", "reports": [{"year": "2013", "revenue": 450433205.85, "profit": 153732160.74, "revenue_growth": 33.527852676215, "profit_growth": 11.471386371504}, {"year": "2015", "revenue": 304333407.61, "profit": 69044797.25, "revenue_growth": 12.062116740858, "profit_growth": -19.998037054625}, {"year": "2014", "revenue": null, "profit": null, "revenue_growth": null, "profit_growth": null}], "has_3years": true}