{"code": "sz300726", "reports": [{"year": "2016", "revenue": 448736308.43, "profit": 196301475.09, "revenue_growth": 13.73031831495, "profit_growth": 161.888459928999}, {"year": "2017", "revenue": 524366048.96, "profit": 199838465.86, "revenue_growth": 16.853938294988, "profit_growth": 1.801815685989}, {"year": "2019", "revenue": 844041676.1, "profit": 293332955.02, "revenue_growth": 32.645342809993, "profit_growth": 31.544377859745}], "has_3years": true}