{"code": "sz002540", "reports": [{"year": "2011", "revenue": 646167884.68, "profit": 67926401.53, "revenue_growth": 9.186928122573, "profit_growth": 5.691868078817}, {"year": "2011", "revenue": 1299312761.06, "profit": 123576281.8, "revenue_growth": 14.340991302238, "profit_growth": 1.981052441319}, {"year": "2012", "revenue": 831161971.53, "profit": 55400725.67, "revenue_growth": 28.629415239604, "profit_growth": -18.440069807714}], "has_3years": true}