{"code": "sh688049", "reports": [{"year": "2021", "revenue": 526267200, "profit": 83947800, "revenue_growth": 28.227530702333, "profit_growth": 248.49886252304}, {"year": "2020", "revenue": 410416700, "profit": 24088400, "revenue_growth": 13.623530506141, "profit_growth": -55.849621931798}, {"year": "2022", "revenue": 414703900, "profit": 53751800, "revenue_growth": -21.198984090211, "profit_growth": -35.969971815819}], "has_3years": true}