{"code": "sh603678", "reports": [{"year": "2013", "revenue": 804430000, "profit": 120890000, "revenue_growth": 13.367723403032, "profit_growth": 6.813934428294}, {"year": "2015", "revenue": 1084322200, "profit": 154654900, "revenue_growth": 21.706040639984, "profit_growth": 12.77056056094}, {"year": "2014", "revenue": 890935400, "profit": 137141200, "revenue_growth": 10.753626791641, "profit_growth": 13.442964678634}], "has_3years": true}