{"code": "sz301106", "reports": [{"year": "2021", "revenue": 257931500, "profit": 39952400, "revenue_growth": 23.412288113176, "profit_growth": 20.487905108519}, {"year": "2020", "revenue": 208999900, "profit": 33158800, "revenue_growth": null, "profit_growth": null}], "has_3years": false}