{"code": "sz300926", "reports": [{"year": "2020", "revenue": 207603700, "profit": 18708200, "revenue_growth": -6.977795601239, "profit_growth": 3.178376231945}, {"year": "2019", "revenue": 223176500, "profit": 18131900, "revenue_growth": null, "profit_growth": null}], "has_3years": false}