{"code": "sz002140", "reports": [{"year": "2006", "revenue": 544507900, "profit": 48772900, "revenue_growth": 29.181802136813, "profit_growth": 34.267463796264}, {"year": "2008", "revenue": 583429700, "profit": 46438700, "revenue_growth": 86.48070898696, "profit_growth": 69.893539181971}, {"year": "2007", "revenue": 312863300, "profit": 27334000, "revenue_growth": 24.07028466597, "profit_growth": 26.928901610223}], "has_3years": true}