{"code": "sz301132", "reports": [{"year": "2021", "revenue": 529861700, "profit": 45732400, "revenue_growth": 39.504288243696, "profit_growth": 4.648645680066}, {"year": "2020", "revenue": 379817500, "profit": 43700900, "revenue_growth": null, "profit_growth": null}, {"year": "2021", "revenue": 1189340200, "profit": 106243300, "revenue_growth": 23.569615662933, "profit_growth": -10.745310928033}], "has_3years": true}