{"code": "sz301157", "reports": [{"year": "2022", "revenue": 107553200, "profit": 23591900, "revenue_growth": 9.231342568922, "profit_growth": 32.742153884928}], "has_3years": false}