{"code": "sz002337", "reports": [{"year": "2009", "revenue": 576125005.45, "profit": 96316686.56, "revenue_growth": -13.710394449028, "profit_growth": 7.637915764134}, {"year": "2010", "revenue": 512613963.24, "profit": 89370080.83, "revenue_growth": -17.595742801225, "profit_growth": -12.229410234072}, {"year": "2011", "revenue": 531198415.54, "profit": 35440337.88, "revenue_growth": 3.625428418402, "profit_growth": -61.371889183952}], "has_3years": true}