{"code": "sz300476", "reports": [{"year": "2014", "revenue": 1086725415.86, "profit": 103157786.44, "revenue_growth": 10.877350087468, "profit_growth": 16.5211130238}, {"year": "2016", "revenue": 1817694996.82, "profit": 232464675.31, "revenue_growth": 41.495442061378, "profit_growth": 83.708855293079}, {"year": "2015", "revenue": 1284631483.77, "profit": 126539722.29, "revenue_growth": 18.211230272312, "profit_growth": 22.666186098904}], "has_3years": true}