{"code": "sz000969", "reports": [{"year": "2011", "revenue": 1847109858.8, "profit": 125845413.08, "revenue_growth": 15.64626038496, "profit_growth": 48.793451735249}, {"year": "2021", "revenue": 6271519700, "profit": 171742000, "revenue_growth": 25.955618854172, "profit_growth": 66.000218444232}, {"year": "2020", "revenue": 4979150400, "profit": 103458900, "revenue_growth": 4.161599855961, "profit_growth": -37.204909052565}], "has_3years": true}