{"code": "sz300115", "reports": [{"year": "2010", "revenue": 476416385.56, "profit": 91817227.02, "revenue_growth": 72.59468415579, "profit_growth": 69.303442038096}, {"year": "2011", "revenue": 783168738.13, "profit": 158957615.61, "revenue_growth": 64.387448011351, "profit_growth": 75.137458342378}, {"year": "2012", "revenue": 1221890011.02, "profit": 187480749.54, "revenue_growth": 56.018741751305, "profit_growth": 17.943861211394}], "has_3years": true}