{"code": "sz002442", "reports": [{"year": "2010", "revenue": 598733084.44, "profit": 40155704.44, "revenue_growth": 41.096849325539, "profit_growth": 109.857193929598}, {"year": "2010", "revenue": 1333594349.27, "profit": 72709708.05, "revenue_growth": 37.344069897612, "profit_growth": 4.971835907247}, {"year": "2009", "revenue": 970987935.82, "profit": 69265920.16, "revenue_growth": 8.482658328132, "profit_growth": 125.932586893144}], "has_3years": true}