{"code": "sz301083", "reports": [{"year": "2020", "revenue": 501905600, "profit": 66253700, "revenue_growth": 6.438957954866, "profit_growth": 57.084366811514}], "has_3years": false}