{"code": "sh603228", "reports": [{"year": "2017", "revenue": 4193419647.87, "profit": 669356356.97, "revenue_growth": 27.723715237505, "profit_growth": 24.540912399607}, {"year": "2016", "revenue": 3283195794.98, "profit": 537459011.72, "revenue_growth": 22.630406980761, "profit_growth": 27.22326912741}, {"year": "2022", "revenue": 10513990300, "profit": 1057864700, "revenue_growth": 10.297149544095, "profit_growth": 13.109821978937}], "has_3years": true}