{"code": "sz301603", "reports": [{"year": "2023", "revenue": 760000000, "profit": 90000000, "revenue_growth": -11.996188523799, "profit_growth": -17.44087998106}], "has_3years": false}