{"code": "sz002965", "reports": [{"year": "2019", "revenue": 1597121555.32, "profit": 150856529.78, "revenue_growth": 8.072590996969, "profit_growth": 7.087122400291}, {"year": "2018", "revenue": 1477822952.69, "profit": 140872708.5, "revenue_growth": 4.309499715367, "profit_growth": 1.297464659439}, {"year": "2023", "revenue": 5703204128.39, "profit": 406736577.67, "revenue_growth": 32.958299433645, "profit_growth": 58.522848118854}], "has_3years": true}