{"code": "sh601778", "reports": [{"year": "2020", "revenue": 3587511400, "profit": 523477100, "revenue_growth": -32.879148163042, "profit_growth": -27.603287383266}, {"year": "2019", "revenue": 5344853800, "profit": 723067500, "revenue_growth": -24.359712067542, "profit_growth": -19.842503206837}], "has_3years": false}