{"code": "sz002185", "reports": [{"year": "2006", "revenue": 512694572.21, "profit": 61619321.75, "revenue_growth": 63.374066117893, "profit_growth": 59.025503877191}, {"year": "2008", "revenue": 742498154.64, "profit": 68716732.59, "revenue_growth": 8.858099272039, "profit_growth": -15.058638412542}, {"year": "2007", "revenue": 682078926.24, "profit": 80899024.11, "revenue_growth": 33.038062661725, "profit_growth": 31.288404046739}], "has_3years": true}