{"code": "sz300221", "reports": [{"year": "2011", "revenue": 800046679.76, "profit": 52151407.17, "revenue_growth": 23.258932080028, "profit_growth": 4.325623802276}, {"year": "2012", "revenue": 897164518.14, "profit": 34746635.97, "revenue_growth": 12.139021489238, "profit_growth": -33.373540896538}, {"year": "2013", "revenue": 968406448.53, "profit": 12041005.87, "revenue_growth": 7.940787776327, "profit_growth": -65.346268685129}], "has_3years": true}