{"code": "sh600699", "reports": [{"year": "2013", "revenue": 6103826500, "profit": 292225200, "revenue_growth": 13.910117734231, "profit_growth": 41.274376430389}, {"year": "2012", "revenue": 5358458600, "profit": 206849400, "revenue_growth": 58.106459071016, "profit_growth": 12.361271918052}, {"year": "2015", "revenue": 3897935288.2, "profit": 188434887.44, "revenue_growth": 15.242302602218, "profit_growth": 20.368794930866}], "has_3years": true}