{"code": "sh688689", "reports": [{"year": "2020", "revenue": 610235005.07, "profit": 69538921.58, "revenue_growth": 15.598067051214, "profit_growth": 31.891099771285}, {"year": "2019", "revenue": 527893779.4, "profit": 52724499, "revenue_growth": -9.820737521111, "profit_growth": -5.647092648135}, {"year": "2021", "revenue": 832354020.45, "profit": 140871314.6, "revenue_growth": 36.398930499656, "profit_growth": 102.579090096956}], "has_3years": true}