{"code": "sh600980", "reports": [{"year": "2011", "revenue": 289177100, "profit": -25061600, "revenue_growth": -12.889898770461, "profit_growth": -961.608782182738}, {"year": "2013", "revenue": 114958955.16, "profit": 3228998.58, "revenue_growth": -19.694342382504, "profit_growth": 123.022465524246}, {"year": "2012", "revenue": 143151751.16, "profit": -14025424.76, "revenue_growth": -3.645021815922, "profit_growth": -214.777039447295}], "has_3years": true}