{"code": "sz001283", "reports": [{"year": "2024", "revenue": 5108451100, "profit": 91081400, "revenue_growth": 12.500897417139, "profit_growth": 81.084262134726}, {"year": "2023", "revenue": 4540809200, "profit": 50297800, "revenue_growth": 29.529697955595, "profit_growth": -68.391270870324}], "has_3years": false}