{"code": "sh688019", "reports": [{"year": "2018", "revenue": 247848714.83, "profit": 44962447.23, "revenue_growth": 6.635035849684, "profit_growth": 13.14396998452}, {"year": "2020", "revenue": 422379900, "profit": 153989100, "revenue_growth": 47.990485725228, "profit_growth": 133.862351085083}, {"year": "2019", "revenue": 285410172.1, "profit": 65846041.18, "revenue_growth": 15.154993761321, "profit_growth": 46.446746644311}], "has_3years": true}