{"code": "sz002273", "reports": [{"year": "2008", "revenue": 184556692.4, "profit": 47618024.1, "revenue_growth": 9.44378068696, "profit_growth": 9.844136978547}, {"year": "2007", "revenue": 168631503.08, "profit": 43350537.78, "revenue_growth": 88.18924750615, "profit_growth": 113.203105049535}, {"year": "2009", "revenue": 187945187.31, "profit": 57999021.89, "revenue_growth": 1.836018442862, "profit_growth": 21.800563938141}], "has_3years": true}