{"code": "sz002179", "reports": [{"year": "2006", "revenue": 521999400, "profit": 66264900, "revenue_growth": 24.776216007644, "profit_growth": 6.429387973836}, {"year": "2008", "revenue": 504376900, "profit": 43684700, "revenue_growth": 25.391873767062, "profit_growth": 9.341593141856}, {"year": "2007", "revenue": 402240500, "profit": 39952500, "revenue_growth": null, "profit_growth": null}], "has_3years": true}