{"code": "sz300690", "reports": [{"year": "2016", "revenue": 479586100, "profit": 107728300, "revenue_growth": -0.105842710165, "profit_growth": 5.269619678392}, {"year": "2017", "revenue": 594696100, "profit": 110547500, "revenue_growth": 24.001946678605, "profit_growth": 2.616953948034}, {"year": "2019", "revenue": 827610300, "profit": 157543600, "revenue_growth": 54.353503544062, "profit_growth": 79.297394249504}], "has_3years": true}