{"code": "sz301185", "reports": [{"year": "2016", "revenue": 109092200, "profit": 30700000, "revenue_growth": 55.462587262703, "profit_growth": 46.033719840447}, {"year": "2018", "revenue": 166197894.03, "profit": 61143104.09, "revenue_growth": 10.417999984787, "profit_growth": 19.994522573275}, {"year": "2017", "revenue": 150517029.88, "profit": 50954912.59, "revenue_growth": 37.972311384315, "profit_growth": 65.976913973941}], "has_3years": true}