{"code": "sh603992", "reports": [{"year": "2019", "revenue": 791982700, "profit": 114795800, "revenue_growth": -9.1262475922, "profit_growth": 21.647613870013}, {"year": "2018", "revenue": 871519800, "profit": 94367500, "revenue_growth": null, "profit_growth": null}, {"year": "2023", "revenue": 2983419900, "profit": 352489800, "revenue_growth": -6.19735072952, "profit_growth": 34.979919002046}], "has_3years": true}