{"code": "sz300193", "reports": [{"year": "2011", "revenue": 594110088.63, "profit": 108933572.58, "revenue_growth": 14.086883042872, "profit_growth": 11.142647827119}, {"year": "2013", "revenue": 584696639.97, "profit": 69414626.45, "revenue_growth": -2.499480643165, "profit_growth": -15.065552310438}, {"year": "2012", "revenue": 599685667.14, "profit": 81727294.8, "revenue_growth": 0.938475648992, "profit_growth": -24.975108348732}], "has_3years": true}