{"code": "sh600522", "reports": [{"year": "2018", "revenue": 34098651800, "profit": 2153194100, "revenue_growth": 25.917395919388, "profit_growth": 20.758364833489}, {"year": "2017", "revenue": 27080175500, "profit": 1783060000, "revenue_growth": 28.293724168466, "profit_growth": 12.279963733415}, {"year": "2022", "revenue": 40270726800, "profit": 3213809200, "revenue_growth": -13.096586855706, "profit_growth": 1663.97608666061}], "has_3years": true}