{"code": "sz002823", "reports": [{"year": "2015", "revenue": 879924583.59, "profit": 91254460.16, "revenue_growth": 6.019284341997, "profit_growth": 20.137253852051}, {"year": "2016", "revenue": 1115804642.69, "profit": 128702594.24, "revenue_growth": 26.806849529949, "profit_growth": 41.037045218766}, {"year": "2017", "revenue": 1384091448.06, "profit": 152512519.22, "revenue_growth": 24.04424530115, "profit_growth": 18.499957301249}], "has_3years": true}