{"code": "sz300725", "reports": [{"year": "2016", "revenue": 188377858.27, "profit": 36115206.6, "revenue_growth": 38.380037974359, "profit_growth": 81.169459452444}, {"year": "2017", "revenue": 273250557.29, "profit": 67179202.18, "revenue_growth": 45.054498336186, "profit_growth": 86.013617266695}, {"year": "2019", "revenue": 662230933.19, "profit": 149679436.25, "revenue_growth": 38.468365858878, "profit_growth": 12.234289533821}], "has_3years": true}