{"code": "sh603339", "reports": [{"year": "2021", "revenue": 1651898700, "profit": 172734400, "revenue_growth": 49.736589753963, "profit_growth": 62.27176563868}, {"year": "2020", "revenue": 1103203100, "profit": 106447600, "revenue_growth": -6.134422774648, "profit_growth": -17.778872284656}], "has_3years": false}