{"code": "sz301376", "reports": [{"year": "2021", "revenue": 5967379500, "profit": 237672200, "revenue_growth": 50.274250976618, "profit_growth": -37.49516714}], "has_3years": false}