{"code": "sh688188", "reports": [{"year": "2018", "revenue": 245264100, "profit": 139276300, "revenue_growth": 16.582370567172, "profit_growth": 6.2430739321}, {"year": "2020", "revenue": 570829250.31, "profit": 370592915.28, "revenue_growth": 51.787645701532, "profit_growth": 50.457464062515}, {"year": "2019", "revenue": 376070956.02, "profit": 246310754.73, "revenue_growth": 53.333062612914, "profit_growth": 76.850443851538}], "has_3years": true}