{"code": "sz002826", "reports": [{"year": "2015", "revenue": 346995393.56, "profit": 50029904.38, "revenue_growth": 19.354697914868, "profit_growth": 54.543637625737}, {"year": "2016", "revenue": 451922477.05, "profit": 55358450.89, "revenue_growth": 30.238754011545, "profit_growth": 10.65072295467}, {"year": "2017", "revenue": 380292645.23, "profit": 60476624.58, "revenue_growth": -15.850026377881, "profit_growth": 9.245514655333}], "has_3years": true}