{"code": "sz301512", "reports": [{"year": "2022", "revenue": 128869800, "profit": 5937200, "revenue_growth": -9.928264012013, "profit_growth": -32.201575523156}], "has_3years": false}