{"code": "sz002019", "reports": [{"year": "2005", "revenue": 134010850.83, "profit": 15162783.23, "revenue_growth": 18.048604730759, "profit_growth": -18.622717684722}, {"year": "2005", "revenue": 269314416.08, "profit": 20480973.41, "revenue_growth": 9.898393575856, "profit_growth": -37.012420757414}, {"year": "2006", "revenue": null, "profit": null, "revenue_growth": null, "profit_growth": null}], "has_3years": true}