{"code": "sh603031", "reports": [{"year": "2021", "revenue": 1677200236.04, "profit": -51567395.62, "revenue_growth": -5.012909190527, "profit_growth": -682.348532257552}, {"year": "2020", "revenue": 1765713868.85, "profit": -6591358.39, "revenue_growth": -6.962660780547, "profit_growth": -143.142102884265}, {"year": "2025", "revenue": 2427674200, "profit": 106546000, "revenue_growth": 4.976493006711, "profit_growth": 14.384912434016}], "has_3years": true}