{"code": "sz301563", "reports": [{"year": "2024", "revenue": 2577269900, "profit": 88332800, "revenue_growth": -2.268428565181, "profit_growth": 12.36470605334}], "has_3years": false}