{"code": "sz002119", "reports": [{"year": "2006", "revenue": 630436100.96, "profit": 42636323.14, "revenue_growth": 57.465314725221, "profit_growth": 31.215773598069}, {"year": "2008", "revenue": 398157101.96, "profit": 18993362.7, "revenue_growth": 31.130949068117, "profit_growth": 4.369141847705}, {"year": "2007", "revenue": 303633203.9, "profit": 18198255.12, "revenue_growth": 1.184984565429, "profit_growth": -0.833275330677}], "has_3years": true}