{"code": "sz002595", "reports": [{"year": "2011", "revenue": 347579872.78, "profit": 106064947.01, "revenue_growth": 25.169106477698, "profit_growth": 25.154988063474}, {"year": "2012", "revenue": 360654157.55, "profit": 107348955.71, "revenue_growth": 3.761519522241, "profit_growth": 1.21058722622}, {"year": "2011", "revenue": 686170020.55, "profit": 212893566.74, "revenue_growth": 14.302635253305, "profit_growth": 13.167180907657}], "has_3years": true}