{"code": "sh688088", "reports": [{"year": "2018", "revenue": 458071300, "profit": 157551800, "revenue_growth": 32.419634788075, "profit_growth": 82.494099660478}, {"year": "2020", "revenue": 683186600, "profit": 251459100, "revenue_growth": 21.030015394781, "profit_growth": 19.533756784585}, {"year": "2019", "revenue": 564477000, "profit": 210366600, "revenue_growth": 23.229069361036, "profit_growth": 33.522181276253}], "has_3years": true}