{"code": "sh688576", "reports": [{"year": "2023", "revenue": 360689200, "profit": 117344100, "revenue_growth": 37.524178023459, "profit_growth": 55.72874364977}, {"year": "2022", "revenue": 262273300, "profit": 75351600, "revenue_growth": 25.574238471701, "profit_growth": 22.663748941736}, {"year": "2024", "revenue": 342876500, "profit": 101284500, "revenue_growth": -4.938517704439, "profit_growth": -13.685903253764}], "has_3years": true}