{"code": "sz300442", "reports": [{"year": "2014", "revenue": 581590600, "profit": 90836400, "revenue_growth": 24.6102109356, "profit_growth": 3.709996423542}, {"year": "2015", "revenue": 540611900, "profit": 50065300, "revenue_growth": -7.045970137757, "profit_growth": -44.884099325821}, {"year": "2016", "revenue": 575815800, "profit": 7248400, "revenue_growth": 6.51186183656, "profit_growth": -85.522108126786}], "has_3years": true}