{"code": "sz300412", "reports": [{"year": "2013", "revenue": 154249300, "profit": 34719400, "revenue_growth": 1.423198511304, "profit_growth": -4.129661165921}, {"year": "2014", "revenue": 183810026.99, "profit": 42762135.01, "revenue_growth": 19.164253575219, "profit_growth": 23.164959676723}, {"year": "2015", "revenue": 217418447.99, "profit": 51454252.08, "revenue_growth": 18.284324065644, "profit_growth": 20.326667665137}], "has_3years": true}