{"code": "sh603004", "reports": [{"year": "2023", "revenue": 375963300, "profit": 88162800, "revenue_growth": -1.512372199715, "profit_growth": 64.12973494816}], "has_3years": false}