{"code": "sz300590", "reports": [{"year": "2016", "revenue": 270154200, "profit": 95269400, "revenue_growth": -7.306495238102, "profit_growth": -6.158584814872}, {"year": "2015", "revenue": 291448900, "profit": 101521700, "revenue_growth": 46.580576422676, "profit_growth": 32.370775907817}, {"year": "2017", "revenue": 362445900, "profit": 96938500, "revenue_growth": 34.162593835623, "profit_growth": 1.752030903296}], "has_3years": true}