{"code": "sz002315", "reports": [{"year": "2010", "revenue": 332936358.52, "profit": 142253787.11, "revenue_growth": 44.784839622, "profit_growth": 56.19178677505}, {"year": "2011", "revenue": 204716376.55, "profit": 73637751.95, "revenue_growth": 48.124332163927, "profit_growth": 31.043595054103}, {"year": "2011", "revenue": 426186370.73, "profit": 164858760.28, "revenue_growth": 28.008359502856, "profit_growth": 9.636014319391}], "has_3years": true}