{"code": "sh600995", "reports": [{"year": "2007", "revenue": 871686550.69, "profit": 121807724.72, "revenue_growth": 45.905607018588, "profit_growth": 58.840589538201}, {"year": "2006", "revenue": 597431838.64, "profit": 76685515.38, "revenue_growth": 27.650161721537, "profit_growth": -0.578519845119}, {"year": "2021", "revenue": null, "profit": null, "revenue_growth": null, "profit_growth": null}], "has_3years": true}