{"code": "sh600845", "reports": [{"year": "2021", "revenue": 11759000000, "profit": 1819000000, "revenue_growth": 15.002444987775, "profit_growth": 35.949177877429}, {"year": "2020", "revenue": 10225000000, "profit": 1338000000, "revenue_growth": 49.290921923705, "profit_growth": 52.159199119627}], "has_3years": false}