{"code": "sh603297", "reports": [{"year": "2021", "revenue": 804776800, "profit": 262016000, "revenue_growth": 39.618837219833, "profit_growth": 62.054578133369}, {"year": "2020", "revenue": 576409900, "profit": 161683800, "revenue_growth": 0.58774949919, "profit_growth": 16.277942997195}], "has_3years": false}