{"code": "sh603893", "reports": [{"year": "2020", "revenue": 1863387214.1, "profit": 319972560.66, "revenue_growth": 32.368625742228, "profit_growth": 56.307570200179}, {"year": "2019", "revenue": 1407725738.37, "profit": 204707014.67, "revenue_growth": 10.766474122814, "profit_growth": 6.531551107616}, {"year": "2021", "revenue": 1377839802.14, "profit": 264306574.49, "revenue_growth": 104.41540632266, "profit_growth": 184.117510182226}], "has_3years": true}