{"code": "sz300533", "reports": [{"year": "2015", "revenue": 369882203.07, "profit": 171549157.96, "revenue_growth": 2.742643297578, "profit_growth": 8.847480307843}, {"year": "2016", "revenue": 380679133.45, "profit": 155464046.01, "revenue_growth": 2.919018620087, "profit_growth": -9.376386419659}, {"year": "2017", "revenue": 296257927.3, "profit": 97021020.06, "revenue_growth": -22.176473237425, "profit_growth": -37.592631511881}], "has_3years": true}