{"code": "sz300684", "reports": [{"year": "2016", "revenue": 198420027.23, "profit": 36870397.79, "revenue_growth": 11.380293493417, "profit_growth": 9.429053832886}, {"year": "2017", "revenue": 570434291.41, "profit": 82243964.67, "revenue_growth": 187.488263847871, "profit_growth": 123.062319908863}, {"year": "2018", "revenue": 763154249.66, "profit": 140707710.4, "revenue_growth": 33.784777870495, "profit_growth": 71.085758042652}], "has_3years": true}