{"code": "sz002546", "reports": [{"year": "2010", "revenue": 304756300, "profit": 82353500, "revenue_growth": 41.644054246885, "profit_growth": 66.972593482018}, {"year": "2012", "revenue": 597770885.52, "profit": 172492688.92, "revenue_growth": 27.532375143567, "profit_growth": 31.577173770648}, {"year": "2014", "revenue": 580361068.61, "profit": 153361813.4, "revenue_growth": 6.859877029286, "profit_growth": 3.410533105343}], "has_3years": true}