{"code": "sh600582", "reports": [{"year": "2021", "revenue": 23570714000, "profit": 1619886800, "revenue_growth": 14.685930270196, "profit_growth": 18.727979734503}, {"year": "2020", "revenue": 20552402500, "profit": 1364368200, "revenue_growth": 6.02999902219, "profit_growth": 23.203931702673}], "has_3years": false}