{"code": "sh603529", "reports": [{"year": "2021", "revenue": 15398710900, "profit": 663998100, "revenue_growth": 19.327429649216, "profit_growth": 10.939149368297}, {"year": "2020", "revenue": 12904586100, "profit": 598524600, "revenue_growth": 23.798880783858, "profit_growth": 14.763560556345}, {"year": "2022", "revenue": 20802213000, "profit": 1845159100, "revenue_growth": 35.090613588664, "profit_growth": 177.886204754188}], "has_3years": true}