{"code": "sz002245", "reports": [{"year": "2008", "revenue": 743349264.27, "profit": 22285775.69, "revenue_growth": 10.411593860367, "profit_growth": -37.44717869672}, {"year": "2007", "revenue": 673252906.04, "profit": 35627131.16, "revenue_growth": 38.493273891049, "profit_growth": 30.747455230273}, {"year": "2009", "revenue": 750075149.71, "profit": 38424572.51, "revenue_growth": 0.904808246041, "profit_growth": 79.090279270411}], "has_3years": true}