{"code": "sz301121", "reports": [{"year": "2021", "revenue": 357635900, "profit": 60952800, "revenue_growth": 67.07070735383, "profit_growth": 781.534189517529}, {"year": "2020", "revenue": 214062600, "profit": 6914400, "revenue_growth": null, "profit_growth": null}], "has_3years": false}