{"code": "sz002825", "reports": [{"year": "2015", "revenue": 526894407.04, "profit": 59441471.76, "revenue_growth": -8.505560126433, "profit_growth": 3.213540377454}, {"year": "2017", "revenue": 631634790.25, "profit": 37607439.78, "revenue_growth": 15.03471181627, "profit_growth": -42.068784602996}, {"year": "2016", "revenue": 549081907.78, "profit": 64917401.65, "revenue_growth": 4.210995684058, "profit_growth": 9.212305361667}], "has_3years": true}