{"code": "sh688700", "reports": [{"year": "2021", "revenue": 804628700, "profit": 160878200, "revenue_growth": 45.112588996869, "profit_growth": 83.207534277775}, {"year": "2020", "revenue": 554485800, "profit": 87812000, "revenue_growth": 25.564230173093, "profit_growth": 18.277059464813}, {"year": "2022", "revenue": 1011727000, "profit": 213297800, "revenue_growth": 25.738368517056, "profit_growth": 32.583407820326}], "has_3years": true}