{"code": "sz000925", "reports": [{"year": "2013", "revenue": 1388010935.98, "profit": -149589615.93, "revenue_growth": 8.677276696528, "profit_growth": -531.467269923087}, {"year": "2012", "revenue": 1277185975, "profit": 34669979.94, "revenue_growth": -7.033837027519, "profit_growth": 16.41591701203}, {"year": "2015", "revenue": 1835300000, "profit": 34160000, "revenue_growth": 3.82091057216, "profit_growth": 181.405883727634}], "has_3years": true}