{"code": "sh688608", "reports": [{"year": "2020", "revenue": 337842800, "profit": 48875500, "revenue_growth": 12.377599442241, "profit_growth": 68.643790003968}, {"year": "2019", "revenue": 300631800, "profit": 28981500, "revenue_growth": null, "profit_growth": null}, {"year": "2020", "revenue": 1061171100, "profit": 198390500, "revenue_growth": 63.54856100472, "profit_growth": 194.440536192393}], "has_3years": true}