{"code": "sh688591", "reports": [{"year": "2022", "revenue": 609299500, "profit": 49785600, "revenue_growth": -6.193026450288, "profit_growth": -47.598357739167}, {"year": "2023", "revenue": 636091900, "profit": 49771800, "revenue_growth": 4.397246346009, "profit_growth": -0.027718858465}, {"year": "2024", "revenue": 365577000, "profit": 26984000, "revenue_growth": 14.674274457647, "profit_growth": -5.69387555394}], "has_3years": true}