{"code": "sh688307", "reports": [{"year": "2022", "revenue": 404008000, "profit": 41115100, "revenue_growth": 1.894262583881, "profit_growth": 14.366182295607}, {"year": "2021", "revenue": 396497300, "profit": 35950400, "revenue_growth": 18.59335197446, "profit_growth": 34.908041123948}, {"year": "2023", "revenue": 378850300, "profit": 36330900, "revenue_growth": -6.227030157819, "profit_growth": -11.636114225674}], "has_3years": true}