{"code": "sh688169", "reports": [{"year": "2018", "revenue": 3051250400, "profit": 307587800, "revenue_growth": 172.720988576732, "profit_growth": 359.112431212871}, {"year": "2020", "revenue": 4530438700, "profit": 1369414900, "revenue_growth": 7.741837978626, "profit_growth": 74.924913014315}, {"year": "2019", "revenue": 4204902000, "profit": 782858700, "revenue_growth": 37.809142114328, "profit_growth": 154.515523697624}], "has_3years": true}