{"code": "sh603341", "reports": [{"year": "2023", "revenue": 10799561900, "profit": 334135100, "revenue_growth": -29.335655631031, "profit_growth": 35.0594931206}], "has_3years": false}