{"code": "sh688708", "reports": [{"year": "2024", "revenue": 956908100, "profit": 518687300, "revenue_growth": -2.440237632322, "profit_growth": -7.985304252879}, {"year": "2023", "revenue": 980843000, "profit": 563700500, "revenue_growth": 27.551854757332, "profit_growth": 16.446041940012}], "has_3years": false}