{"code": "sz301208", "reports": [{"year": "2021", "revenue": 1185462200, "profit": 122999900, "revenue_growth": 44.568863196818, "profit_growth": 42.770588788889}], "has_3years": false}