{"code": "sz002517", "reports": [{"year": "2010", "revenue": 354430700, "profit": 37858100, "revenue_growth": 8.543608937683, "profit_growth": 12.072663884352}, {"year": "2011", "revenue": 190509496.95, "profit": 22066912.16, "revenue_growth": 9.668010187001, "profit_growth": 13.10178368686}, {"year": "2011", "revenue": 392157048.18, "profit": 39683778.35, "revenue_growth": 10.644199280372, "profit_growth": 4.784921150796}], "has_3years": true}