{"code": "sh688690", "reports": [{"year": "2020", "revenue": 204992900, "profit": 72692800, "revenue_growth": 58.050470573684, "profit_growth": 210.307311362503}, {"year": "2021", "revenue": 446346800, "profit": 188089700, "revenue_growth": 117.737687500396, "profit_growth": 158.745983095988}, {"year": "2022", "revenue": 705841200, "profit": 275127600, "revenue_growth": 58.137394510278, "profit_growth": 46.274676391105}], "has_3years": true}