{"code": "sz002097", "reports": [{"year": "2005", "revenue": 350114725.76, "profit": 37764863.3, "revenue_growth": 51.650899187006, "profit_growth": 43.386828427176}, {"year": "2006", "revenue": 637856529.37, "profit": 81548551.23, "revenue_growth": 82.185004639663, "profit_growth": 115.937631184276}, {"year": "2008", "revenue": 820189318.56, "profit": 84226492.55, "revenue_growth": 54.558204479921, "profit_growth": 42.507279009154}], "has_3years": true}