{"code": "sz300184", "reports": [{"year": "2010", "revenue": 232522500, "profit": 29568900, "revenue_growth": 36.334537840872, "profit_growth": 50.756309191614}, {"year": "2011", "revenue": 126741893.71, "profit": 15944568.41, "revenue_growth": 10.624029640231, "profit_growth": 24.938274531654}, {"year": "2011", "revenue": 247606330.81, "profit": 24197868.34, "revenue_growth": 6.487027511071, "profit_growth": -18.164475306839}], "has_3years": true}