{"code": "sh688281", "reports": [{"year": "2022", "revenue": 672395100, "profit": 333416300, "revenue_growth": 31.365140704735, "profit_growth": 42.993101584899}, {"year": "2021", "revenue": 511852000, "profit": 233169500, "revenue_growth": 23.676170852053, "profit_growth": 50.608696807595}, {"year": "2023", "revenue": 917455100, "profit": 335009400, "revenue_growth": 36.445833706998, "profit_growth": 0.477811072824}], "has_3years": true}