{"code": "sz301000", "reports": [{"year": "2020", "revenue": 494589000, "profit": 104202400, "revenue_growth": 47.773662149553, "profit_growth": 44.991806587625}], "has_3years": false}