{"code": "sh688116", "reports": [{"year": "2018", "revenue": 327594900, "profit": 67584900, "revenue_growth": 6.376918653703, "profit_growth": 556.663844184658}, {"year": "2020", "revenue": 471946400, "profit": 107252200, "revenue_growth": 22.129855342494, "profit_growth": -2.576116241341}, {"year": "2019", "revenue": 386430000, "profit": 110088200, "revenue_growth": 17.959711827016, "profit_growth": 62.888751777394}], "has_3years": true}