{"code": "sz300951", "reports": [{"year": "2020", "revenue": 686402200, "profit": 163980100, "revenue_growth": 35.910746022292, "profit_growth": 43.85644182421}], "has_3years": false}