{"code": "sz000977", "reports": [{"year": "2020", "revenue": 63037990367.04, "profit": 1466448647.76, "revenue_growth": 22.04063353804, "profit_growth": 57.895344335816}, {"year": "2019", "revenue": 51653280173.6, "profit": 928747236.93, "revenue_growth": 10.039151092684, "profit_growth": 41.018850067375}], "has_3years": false}