{"code": "sz300263", "reports": [{"year": "2012", "revenue": 412943262.72, "profit": 57181961.82, "revenue_growth": -6.894705532542, "profit_growth": -27.619779095547}, {"year": "2011", "revenue": 443522857.73, "profit": 79002193.01, "revenue_growth": 36.976847458286, "profit_growth": 54.940836793449}, {"year": "2013", "revenue": 729103524.16, "profit": 113407543.84, "revenue_growth": 76.562639467102, "profit_growth": 98.327479908768}], "has_3years": true}