{"code": "sz003027", "reports": [{"year": "2020", "revenue": 767544119.4, "profit": 154060545.17, "revenue_growth": 1.10475550034, "profit_growth": -9.531965720125}, {"year": "2019", "revenue": 759157287.51, "profit": 170292796.12, "revenue_growth": 5.309310517389, "profit_growth": 22.471088958695}], "has_3years": false}