{"code": "sz002788", "reports": [{"year": "2015", "revenue": 6625719875.38, "profit": 113479743.58, "revenue_growth": 5.173467315157, "profit_growth": 3.798031306367}, {"year": "2016", "revenue": 6982884984.47, "profit": 115523095.3, "revenue_growth": 5.390585714575, "profit_growth": 1.800631245311}, {"year": "2018", "revenue": 11505077601.35, "profit": 187136904.05, "revenue_growth": 37.979807528991, "profit_growth": 43.313265141338}], "has_3years": true}