{"code": "sz002250", "reports": [{"year": "2008", "revenue": 496836600, "profit": 33855400, "revenue_growth": 7.288563380671, "profit_growth": 14.789749571091}, {"year": "2007", "revenue": 463084400, "profit": 29493400, "revenue_growth": null, "profit_growth": null}, {"year": "2008", "revenue": 1084937900, "profit": 74130700, "revenue_growth": 9.925069365676, "profit_growth": 27.263659727003}], "has_3years": true}