{"code": "sz300708", "reports": [{"year": "2016", "revenue": 480151976.73, "profit": 60608450.29, "revenue_growth": 36.614358600149, "profit_growth": 158.818952599884}, {"year": "2018", "revenue": 593402537.88, "profit": 20372947.89, "revenue_growth": -4.435483470238, "profit_growth": -81.483424443178}, {"year": "2017", "revenue": 620944425.22, "profit": 110025462.47, "revenue_growth": 29.322476072856, "profit_growth": 81.53485519519}], "has_3years": true}