{"code": "sz300349", "reports": [{"year": "2011", "revenue": 232863509.54, "profit": 55294663.15, "revenue_growth": 54.309597983921, "profit_growth": 76.226294273419}, {"year": "2012", "revenue": 356173239.05, "profit": 80515252.64, "revenue_growth": 52.95365072595, "profit_growth": 45.611254419949}, {"year": "2013", "revenue": 496188774.26, "profit": 116423217.17, "revenue_growth": 39.311076706227, "profit_growth": 44.597717019596}], "has_3years": true}