{"code": "sz301606", "reports": [{"year": "2023", "revenue": 4802646200, "profit": 387235700, "revenue_growth": 25.091016471672, "profit_growth": 18.266323214543}], "has_3years": false}