{"code": "sz002552", "reports": [{"year": "2010", "revenue": 404558600, "profit": 71010400, "revenue_growth": 6.51889264367, "profit_growth": 4.983365616175}, {"year": "2011", "revenue": 221172739.74, "profit": 33259559.47, "revenue_growth": 12.203364483032, "profit_growth": 4.28838944779}, {"year": "2012", "revenue": 191338451.92, "profit": 31678074.9, "revenue_growth": -13.489134264499, "profit_growth": -4.754977501811}], "has_3years": true}