{"code": "sz002881", "reports": [{"year": "2016", "revenue": 479658100, "profit": 46713400, "revenue_growth": 23.463363688625, "profit_growth": 46.674573932529}, {"year": "2017", "revenue": 642468400, "profit": 56285200, "revenue_growth": 33.942989808783, "profit_growth": 20.490480247638}, {"year": "2018", "revenue": 989827900, "profit": 46655600, "revenue_growth": 54.066394549522, "profit_growth": -17.108582718015}], "has_3years": true}