{"code": "sh603025", "reports": [{"year": "2021", "revenue": 829774713.87, "profit": 198238301.67, "revenue_growth": 136.340781315554, "profit_growth": 182.638173232803}, {"year": "2020", "revenue": 832533320.34, "profit": 214340674.65, "revenue_growth": -14.424206224978, "profit_growth": -15.794947211899}, {"year": "2020", "revenue": 351092481.48, "profit": 70138544.77, "revenue_growth": -35.486966917058, "profit_growth": -57.352198902342}], "has_3years": true}