{"code": "sh688610", "reports": [{"year": "2023", "revenue": 235575400, "profit": 15751400, "revenue_growth": -10.313706379965, "profit_growth": -77.601098941728}, {"year": "2022", "revenue": 262666000, "profit": 70322200, "revenue_growth": 59.691397277587, "profit_growth": 59.546165654368}, {"year": "2024", "revenue": 248260300, "profit": 15723100, "revenue_growth": 5.384645425626, "profit_growth": -0.179666569321}], "has_3years": true}