{"code": "sz300882", "reports": [{"year": "2020", "revenue": 264388800, "profit": 45672900, "revenue_growth": -3.369195882605, "profit_growth": 20.292945635306}], "has_3years": false}