{"code": "sz301282", "reports": [{"year": "2021", "revenue": 1327528100, "profit": 100285700, "revenue_growth": 67.591705080263, "profit_growth": 48.802754047225}, {"year": "2022", "revenue": 1496492800, "profit": 141275500, "revenue_growth": 12.727768248371, "profit_growth": 40.873025765388}], "has_3years": false}