{"code": "sh600183", "reports": [{"year": "2006", "revenue": 1595753300, "profit": 221348200, "revenue_growth": 50.474766591323, "profit_growth": 384.937353077137}, {"year": "2005", "revenue": 1060479000, "profit": 45644700, "revenue_growth": 30.500379891101, "profit_growth": -58.094500163978}, {"year": "2005", "revenue": 2412539600, "profit": 211893000, "revenue_growth": 30.936170662141, "profit_growth": -0.130979978011}], "has_3years": true}