{"code": "sz000988", "reports": [{"year": "2019", "revenue": 5460245500, "profit": 502787500, "revenue_growth": 4.34575962199, "profit_growth": 77.281614332383}, {"year": "2018", "revenue": 5232838900, "profit": 283609500, "revenue_growth": 16.790028983355, "profit_growth": -12.509934495018}], "has_3years": false}