{"code": "sh688508", "reports": [{"year": "2020", "revenue": 429298727.26, "profit": 99736211.17, "revenue_growth": 28.109280282132, "profit_growth": 50.725430070916}, {"year": "2019", "revenue": 335103535.29, "profit": 66170792.23, "revenue_growth": 7.300016426697, "profit_growth": 23.65067869365}, {"year": "2021", "revenue": 753171012.92, "profit": 201280924.67, "revenue_growth": 75.442172336991, "profit_growth": 101.813285574802}], "has_3years": true}