{"code": "sh688386", "reports": [{"year": "2020", "revenue": 110120100, "profit": 17669500, "revenue_growth": -2.022002118881, "profit_growth": 8.616996834562}, {"year": "2019", "revenue": 112392700, "profit": 16267700, "revenue_growth": null, "profit_growth": null}, {"year": "2020", "revenue": 277734747.28, "profit": 55271336.92, "revenue_growth": 13.232647207515, "profit_growth": 26.371041754535}], "has_3years": true}