{"code": "sh688239", "reports": [{"year": "2015", "revenue": 216116003.96, "profit": -4581602.02, "revenue_growth": 9.328958701401, "profit_growth": -148.013372804117}, {"year": "2014", "revenue": 197674986.14, "profit": 9542345.71, "revenue_growth": -1.183411114941, "profit_growth": -72.423410748976}, {"year": "2020", "revenue": 670669600, "profit": 72694900, "revenue_growth": 13.911788393554, "profit_growth": 34.957728083857}], "has_3years": true}