{"code": "sz300735", "reports": [{"year": "2016", "revenue": 1227023073.62, "profit": 154194655.51, "revenue_growth": 33.730608625449, "profit_growth": 62.012694675922}, {"year": "2017", "revenue": 1274112355.7, "profit": 173561588.99, "revenue_growth": 3.837685133424, "profit_growth": 12.560054961661}, {"year": "2019", "revenue": 2214041908.86, "profit": 428739440.02, "revenue_growth": 38.543218216618, "profit_growth": 56.86452977751}], "has_3years": true}