{"code": "sh603267", "reports": [{"year": "2021", "revenue": 2403105889.49, "profit": 826709102.71, "revenue_growth": 41.356229919236, "profit_growth": 70.080725716982}, {"year": "2020", "revenue": 1700035358.09, "profit": 486068659, "revenue_growth": 61.223415923577, "profit_growth": 74.425228633527}], "has_3years": false}