{"code": "sz002475", "reports": [{"year": "2010", "revenue": 1010548735.47, "profit": 115780802.85, "revenue_growth": 72.831087686712, "profit_growth": 56.201364217611}, {"year": "2011", "revenue": 2555567715.02, "profit": 257181697.39, "revenue_growth": 152.889111165076, "profit_growth": 122.128099874374}, {"year": "2012", "revenue": 3147201586.78, "profit": 263091913.13, "revenue_growth": 23.150780481486, "profit_growth": 2.298070119289}], "has_3years": true}