{"code": "sh603227", "reports": [{"year": "2021", "revenue": 2606084900, "profit": 146840100, "revenue_growth": 26.072019899186, "profit_growth": 36.604972439938}, {"year": "2020", "revenue": 2067139800, "profit": 107492500, "revenue_growth": -3.164632444796, "profit_growth": 12.912854160001}], "has_3years": false}