{"code": "sh688018", "reports": [{"year": "2018", "revenue": 220387700, "profit": 44752800, "revenue_growth": null, "profit_growth": null}, {"year": "2018", "revenue": 474920200, "profit": 93882600, "revenue_growth": 74.598524956166, "profit_growth": 219.633959933481}, {"year": "2020", "revenue": 293202500, "profit": 34778400, "revenue_growth": -9.306519388969, "profit_growth": -45.354871857721}], "has_3years": true}