{"code": "sz002767", "reports": [{"year": "2014", "revenue": 306724272.94, "profit": 66624294.25, "revenue_growth": 2.437580147291, "profit_growth": 3.039243638601}, {"year": "2015", "revenue": 291147403.62, "profit": 52639352.55, "revenue_growth": -5.07845993755, "profit_growth": -20.99075398461}, {"year": "2016", "revenue": 292912486.79, "profit": 45314270.45, "revenue_growth": 0.606250699149, "profit_growth": -13.915600677349}], "has_3years": true}