{"code": "sz300019", "reports": [{"year": "2009", "revenue": 169619500, "profit": 35392200, "revenue_growth": 24.93238398708, "profit_growth": 38.594913828641}, {"year": "2010", "revenue": 202629100, "profit": 42814700, "revenue_growth": 19.460946985523, "profit_growth": 20.972232825203}, {"year": "2012", "revenue": 153663312.18, "profit": 23926300.75, "revenue_growth": 11.068420130027, "profit_growth": 15.203598378984}], "has_3years": true}