{"code": "sz301110", "reports": [{"year": "2021", "revenue": 429908500, "profit": 67631200, "revenue_growth": 110.467651788608, "profit_growth": 163.807743383016}, {"year": "2020", "revenue": 204263500, "profit": 25636500, "revenue_growth": null, "profit_growth": null}], "has_3years": false}