{"code": "sh600143", "reports": [{"year": "2007", "revenue": 6430793800, "profit": 401550400, "revenue_growth": 38.189521692271, "profit_growth": 57.95458166171}, {"year": "2006", "revenue": 4653604500, "profit": 254218900, "revenue_growth": 34.696820783509, "profit_growth": 55.452312626531}], "has_3years": false}