{"code": "sz002605", "reports": [{"year": "2011", "revenue": 654945790.91, "profit": 72544381.33, "revenue_growth": 15.552747939523, "profit_growth": 2.092970264979}, {"year": "2012", "revenue": 645480700.8, "profit": 95823630.19, "revenue_growth": -1.445171530433, "profit_growth": 32.089664882666}, {"year": "2013", "revenue": 710640478.04, "profit": 116982829.85, "revenue_growth": 10.09476769162, "profit_growth": 22.081400608645}], "has_3years": true}