{"code": "sh688533", "reports": [{"year": "2020", "revenue": 1088039600, "profit": 75525000, "revenue_growth": -8.924223640466, "profit_growth": -3.640814945075}, {"year": "2021", "revenue": 1301980100, "profit": 60665600, "revenue_growth": 19.662933224122, "profit_growth": -19.674809665674}, {"year": "2022", "revenue": 1768910800, "profit": 87166100, "revenue_growth": 35.863121103003, "profit_growth": 43.682910908324}], "has_3years": true}