{"code": "sz300993", "reports": [{"year": "2019", "revenue": 383587000, "profit": 109116900, "revenue_growth": 19.183355911262, "profit_growth": 34.955641045528}, {"year": "2020", "revenue": 385011700, "profit": 108050300, "revenue_growth": 0.371416165111, "profit_growth": -0.977484053403}], "has_3years": false}