{"code": "sz300784", "reports": [{"year": "2022", "revenue": 204183000, "profit": 26144100, "revenue_growth": 0.338141152432, "profit_growth": 1.243073062491}, {"year": "2021", "revenue": 203494900, "profit": 25823100, "revenue_growth": null, "profit_growth": null}], "has_3years": false}