{"code": "sh688286", "reports": [{"year": "2020", "revenue": 330074706.48, "profit": 41636093.96, "revenue_growth": 16.210857394586, "profit_growth": -30.003295935214}, {"year": "2019", "revenue": 284030867.58, "profit": 59482934.97, "revenue_growth": 12.392486636462, "profit_growth": 11.702301662498}, {"year": "2021", "revenue": 351758084.54, "profit": 12424009.95, "revenue_growth": 6.569233459673, "profit_growth": -70.160481523709}], "has_3years": true}