{"code": "sz300515", "reports": [{"year": "2015", "revenue": 224556444.5, "profit": 42171882.32, "revenue_growth": 0.469409569246, "profit_growth": -10.331513478198}, {"year": "2016", "revenue": 208808145.87, "profit": 34785973.25, "revenue_growth": -7.01306910388, "profit_growth": -17.513823580261}, {"year": "2017", "revenue": 206160684.69, "profit": 23809211.61, "revenue_growth": -1.267891714171, "profit_growth": -31.555137356981}], "has_3years": true}