{"code": "sh688589", "reports": [{"year": "2020", "revenue": 215627300, "profit": 27820500, "revenue_growth": -22.088873922083, "profit_growth": -35.980219117684}, {"year": "2019", "revenue": 276760600, "profit": 43456100, "revenue_growth": 47.082832453916, "profit_growth": 89.09463243515}, {"year": "2021", "revenue": 360073700, "profit": 42037300, "revenue_growth": 66.988920234126, "profit_growth": 51.101885300408}], "has_3years": true}