{"code": "sz300014", "reports": [{"year": "2009", "revenue": 205956300, "profit": 40519500, "revenue_growth": 1.733502858516, "profit_growth": 30.613649007407}, {"year": "2010", "revenue": 305476545.46, "profit": 57942531.85, "revenue_growth": 48.321031537459, "profit_growth": 45.026541548267}, {"year": "2012", "revenue": 222546865.13, "profit": 37760539.49, "revenue_growth": 12.394216894791, "profit_growth": -1.773347999306}], "has_3years": true}