{"code": "sz000733", "reports": [{"year": "2007", "revenue": 933415500, "profit": 15098800, "revenue_growth": 12.952293272238, "profit_growth": 15.761711262746}, {"year": "2006", "revenue": null, "profit": null, "revenue_growth": null, "profit_growth": null}, {"year": "2006", "revenue": 826380300, "profit": 13043000, "revenue_growth": 49.668853109973, "profit_growth": 22.157786906027}], "has_3years": true}