{"code": "sz300613", "reports": [{"year": "2016", "revenue": 321696017.18, "profit": 111840683.52, "revenue_growth": 77.137217464534, "profit_growth": 199.366937072001}, {"year": "2017", "revenue": 449213027.97, "profit": 106061136.18, "revenue_growth": 39.638977164784, "profit_growth": -5.167660960304}, {"year": "2018", "revenue": 412004133.31, "profit": 54498833.45, "revenue_growth": -8.283129015235, "profit_growth": -48.615642437105}], "has_3years": true}