{"code": "sh688059", "reports": [{"year": "2020", "revenue": 312185900, "profit": 89004900, "revenue_growth": 20.568148025134, "profit_growth": 23.941714395525}, {"year": "2019", "revenue": 258929000, "profit": 71811900, "revenue_growth": 21.201606124483, "profit_growth": 32.589062272154}, {"year": "2021", "revenue": 485477300, "profit": 162353100, "revenue_growth": 55.509041247539, "profit_growth": 82.40917073105}], "has_3years": true}