{"code": "sz000920", "reports": [{"year": "2021", "revenue": 1380819408.88, "profit": 121381996.33, "revenue_growth": 10.103097456094, "profit_growth": 14.563112237393}, {"year": "2020", "revenue": 1254114952.97, "profit": 105952076.51, "revenue_growth": 10.342320884978, "profit_growth": 14.766128316939}], "has_3years": false}