{"code": "sh603203", "reports": [{"year": "2016", "revenue": 286209862.49, "profit": 103215506.37, "revenue_growth": 24.418790000981, "profit_growth": 26.452326723783}, {"year": "2015", "revenue": 230037490.71, "profit": 81624046.82, "revenue_growth": 6.001260503289, "profit_growth": 9.861930472209}, {"year": "2021", "revenue": 780569837.92, "profit": 267657713.93, "revenue_growth": 45.904707602579, "profit_growth": 51.057632642602}], "has_3years": true}