{"code": "sh688357", "reports": [{"year": "2018", "revenue": 378213300, "profit": 47072500, "revenue_growth": 54.699686724018, "profit_growth": 562.029187926516}, {"year": "2020", "revenue": 451550000, "profit": 127370700, "revenue_growth": 11.226882642153, "profit_growth": 48.099610015418}, {"year": "2019", "revenue": 405972000, "profit": 86003400, "revenue_growth": 7.339429893132, "profit_growth": 82.704126613203}], "has_3years": true}