{"code": "sh688209", "reports": [{"year": "2021", "revenue": 780718304.88, "profit": 158273806.72, "revenue_growth": 100.560115174659, "profit_growth": 154.950394465365}, {"year": "2022", "revenue": 867261374.92, "profit": 154913056.58, "revenue_growth": 11.085057119713, "profit_growth": -2.123377335547}, {"year": "2023", "revenue": 1215775044.39, "profit": 29373348.62, "revenue_growth": 40.185540316741, "profit_growth": -81.038816695976}], "has_3years": true}