{"code": "sh688150", "reports": [{"year": "2022", "revenue": 280298300, "profit": 105475900, "revenue_growth": -17.839129622969, "profit_growth": -2.28383813024}, {"year": "2021", "revenue": 341157900, "profit": 107941100, "revenue_growth": 24.22552908491, "profit_growth": 52.722912055756}, {"year": "2023", "revenue": 300677100, "profit": 77045800, "revenue_growth": 7.270397287461, "profit_growth": -26.954119377033}], "has_3years": true}