{"code": "sz002674", "reports": [{"year": "2011", "revenue": 1281284382.88, "profit": 122993036.73, "revenue_growth": 23.004479571583, "profit_growth": 15.421776301403}, {"year": "2012", "revenue": 1543406489.55, "profit": 145429012.75, "revenue_growth": 20.457761771888, "profit_growth": 18.241663606739}, {"year": "2014", "revenue": 2252364772.24, "profit": 119229632.9, "revenue_growth": 26.509667719781, "profit_growth": -32.819317471616}], "has_3years": true}