{"code": "sz300259", "reports": [{"year": "2011", "revenue": 235820738.65, "profit": 56406420.14, "revenue_growth": 41.019509948803, "profit_growth": 43.211431470441}, {"year": "2012", "revenue": 291451342.82, "profit": 81966902.94, "revenue_growth": 23.590208600171, "profit_growth": 45.3148466727}, {"year": "2014", "revenue": 378417244, "profit": 102986988.87, "revenue_growth": 15.530644435257, "profit_growth": -2.765090559007}], "has_3years": true}