{"code": "sz000533", "reports": [{"year": "2010", "revenue": 2831910000, "profit": 130030000, "revenue_growth": 2.875471656188, "profit_growth": -32.739290585937}, {"year": "2011", "revenue": 2046690000, "profit": 74820000, "revenue_growth": -27.727674975831, "profit_growth": -42.457981714244}, {"year": "2014", "revenue": 3896460000, "profit": 127150000, "revenue_growth": 68.615877274596, "profit_growth": -30.355480089829}], "has_3years": true}