{"code": "sz300666", "reports": [{"year": "2016", "revenue": 442808748.02, "profit": 54940766.33, "revenue_growth": 52.213523975168, "profit_growth": 130.410064256109}, {"year": "2017", "revenue": 550025687.03, "profit": 64034567.92, "revenue_growth": 24.212922506481, "profit_growth": 16.552010824491}, {"year": "2018", "revenue": 649683244.58, "profit": 58808599.14, "revenue_growth": 18.118709707564, "profit_growth": -8.161168177989}], "has_3years": true}