{"code": "sh688582", "reports": [{"year": "2023", "revenue": 317086800, "profit": 165398800, "revenue_growth": 39.774482491096, "profit_growth": 41.84501047551}, {"year": "2022", "revenue": 226856000, "profit": 116605300, "revenue_growth": 36.583629757809, "profit_growth": 41.159966575009}, {"year": "2024", "revenue": 404502600, "profit": 222173400, "revenue_growth": 27.56841344389, "profit_growth": 34.325883863728}], "has_3years": true}