{"code": "sh688687", "reports": [{"year": "2020", "revenue": 862053000, "profit": 75565400, "revenue_growth": 4.500798133357, "profit_growth": 41.094731731909}, {"year": "2019", "revenue": 824924800, "profit": 53556500, "revenue_growth": 16.868603383105, "profit_growth": 19.409316486128}, {"year": "2021", "revenue": 1144356800, "profit": 107289600, "revenue_growth": 32.747847290132, "profit_growth": 41.982441699508}], "has_3years": true}