{"code": "sh688127", "reports": [{"year": "2020", "revenue": 438933263.27, "profit": 182995327.53, "revenue_growth": 31.382326003264, "profit_growth": 57.565221035725}, {"year": "2019", "revenue": 334088516.03, "profit": 116139416, "revenue_growth": -15.348058646904, "profit_growth": 1.929509049587}, {"year": "2021", "revenue": 415483740.36, "profit": 140002782.39, "revenue_growth": -5.342389122051, "profit_growth": -23.493793923756}], "has_3years": true}