{"code": "sz000788", "reports": [{"year": "2008", "revenue": 287600400, "profit": 7671300, "revenue_growth": 0.129269631803, "profit_growth": -8.398013039429}, {"year": "2007", "revenue": null, "profit": null, "revenue_growth": null, "profit_growth": null}, {"year": "2007", "revenue": 287229100, "profit": 8374600, "revenue_growth": 15.660771872913, "profit_growth": 14.752479630407}], "has_3years": true}