{"code": "sz300233", "reports": [{"year": "2011", "revenue": 788420500, "profit": 55991100, "revenue_growth": 3.823561517302, "profit_growth": -46.483536588991}, {"year": "2012", "revenue": 799331800, "profit": 41610600, "revenue_growth": 1.383944227731, "profit_growth": -25.683546135011}, {"year": "2014", "revenue": 1050830000, "profit": 104072900, "revenue_growth": 15.639358561024, "profit_growth": 61.111790540384}], "has_3years": true}