{"code": "sz000690", "reports": [{"year": "2015", "revenue": 3574114400, "profit": 644315400, "revenue_growth": -23.908170844939, "profit_growth": -36.922988670809}, {"year": "2016", "revenue": 3539851200, "profit": 674563700, "revenue_growth": -0.958648665527, "profit_growth": 4.694641785684}, {"year": "2018", "revenue": 3834291600, "profit": 462891200, "revenue_growth": 52.464676036606, "profit_growth": 348.808922440582}], "has_3years": true}