{"code": "sh688479", "reports": [{"year": "2023", "revenue": 735813100, "profit": 114805400, "revenue_growth": 11.224898696902, "profit_growth": 6.518179144388}, {"year": "2022", "revenue": 661554300, "profit": 107780100, "revenue_growth": 12.306981427292, "profit_growth": -11.869840386141}, {"year": "2024", "revenue": 594809800, "profit": 80707500, "revenue_growth": -19.162923302127, "profit_growth": -29.700606417468}], "has_3years": true}