{"code": "sz000021", "reports": [{"year": "2010", "revenue": 10264548100, "profit": 180076300, "revenue_growth": 116.20651926476, "profit_growth": 75.852609388996}, {"year": "2013", "revenue": 7429413412.4, "profit": 85876407.2, "revenue_growth": -11.797077674622, "profit_growth": 29.800742456575}, {"year": "2012", "revenue": null, "profit": null, "revenue_growth": null, "profit_growth": null}], "has_3years": true}