{"code": "sz000777", "reports": [{"year": "2012", "revenue": 812130400, "profit": 60487300, "revenue_growth": 11.57022876374, "profit_growth": 4.620201785723}, {"year": "2013", "revenue": 941615300, "profit": 64282500, "revenue_growth": 15.943855814288, "profit_growth": 6.274374951436}, {"year": "2014", "revenue": 1040666400, "profit": 71937200, "revenue_growth": 10.519274697427, "profit_growth": 11.907906506436}], "has_3years": true}