{"code": "sz002831", "reports": [{"year": "2015", "revenue": 4289630600, "profit": 658199300, "revenue_growth": 17.0290980429, "profit_growth": 17.110559290863}, {"year": "2016", "revenue": 5542362600, "profit": 874816000, "revenue_growth": 29.203726773117, "profit_growth": 32.910502943409}, {"year": "2017", "revenue": 6947740700, "profit": 931901000, "revenue_growth": 25.357021931405, "profit_growth": 6.525372192552}], "has_3years": true}