{"code": "sh688668", "reports": [{"year": "2020", "revenue": 167929400, "profit": 35393900, "revenue_growth": 49.348106039046, "profit_growth": 22.552509296898}, {"year": "2019", "revenue": 112441600, "profit": 28880600, "revenue_growth": null, "profit_growth": null}, {"year": "2020", "revenue": 357759133.14, "profit": 72732416.3, "revenue_growth": 54.637532314546, "profit_growth": 34.844220532764}], "has_3years": true}