{"code": "sh605058", "reports": [{"year": "2021", "revenue": 1070718955.04, "profit": 142720760.27, "revenue_growth": 21.365124949319, "profit_growth": 14.388089776577}, {"year": "2020", "revenue": 882229516.5, "profit": 124768899.06, "revenue_growth": 4.454516298341, "profit_growth": 0.610299048761}], "has_3years": false}