{"code": "sz000682", "reports": [{"year": "2015", "revenue": 870378900, "profit": 19598300, "revenue_growth": 15.735795792641, "profit_growth": 28.735458528479}, {"year": "2014", "revenue": null, "profit": null, "revenue_growth": null, "profit_growth": null}, {"year": "2014", "revenue": 752039500, "profit": 15223700, "revenue_growth": 7.124535364144, "profit_growth": 23.879534865266}], "has_3years": true}