{"code": "sh603499", "reports": [{"year": "2024", "revenue": 885319514.4, "profit": 65357481.29, "revenue_growth": 27.551926312978, "profit_growth": 750.388013526172}, {"year": "2023", "revenue": 694085569.69, "profit": 7685607.07, "revenue_growth": 4.675413402644, "profit_growth": -43.753206742505}], "has_3years": false}