{"code": "sh688183", "reports": [{"year": "2020", "revenue": 3633501900, "profit": 439233700, "revenue_growth": 17.351855592344, "profit_growth": -0.441857360357}, {"year": "2019", "revenue": 3096245800, "profit": 441183100, "revenue_growth": 50.777138923489, "profit_growth": 106.94484285615}, {"year": "2021", "revenue": 3647394600, "profit": 264273100, "revenue_growth": 0.382350150966, "profit_growth": -39.833145771829}], "has_3years": true}