{"code": "sz301099", "reports": [{"year": "2021", "revenue": 1417847418.25, "profit": 91588717.95, "revenue_growth": 29.161291950857, "profit_growth": 53.787345873102}, {"year": "2020", "revenue": 1097734001.29, "profit": 59555431.84, "revenue_growth": -1.753188295871, "profit_growth": 54.51279749108}], "has_3years": false}