{"code": "sz001388", "reports": [{"year": "2017", "revenue": 261971563.34, "profit": 57568401.9, "revenue_growth": 28.581118292412, "profit_growth": 51.27402098662}, {"year": "2016", "revenue": 203740305.59, "profit": 38055709.45, "revenue_growth": 19.397935568205, "profit_growth": 15.300828810991}, {"year": "2023", "revenue": 363135800, "profit": 39292300, "revenue_growth": 8.577071393559, "profit_growth": -7.997043173236}], "has_3years": true}