{"code": "sh688208", "reports": [{"year": "2018", "revenue": 900254600, "profit": 335781500, "revenue_growth": 24.754109150824, "profit_growth": 267.520490948968}, {"year": "2020", "revenue": 1577775100, "profit": 433059700, "revenue_growth": 31.943103175482, "profit_growth": 32.443231585283}, {"year": "2019", "revenue": 1195799600, "profit": 326977600, "revenue_growth": 32.829046360885, "profit_growth": -2.621913357347}], "has_3years": true}