{"code": "sz300543", "reports": [{"year": "2015", "revenue": 713760861.55, "profit": 62720488.04, "revenue_growth": 21.402596089082, "profit_growth": 17.733422157904}, {"year": "2016", "revenue": 935966300, "profit": 76580800, "revenue_growth": 31.131636717578, "profit_growth": 22.098539716656}, {"year": "2017", "revenue": 1184800900, "profit": 80171400, "revenue_growth": 26.585850366621, "profit_growth": 4.688642584042}], "has_3years": true}