{"code": "sz300797", "reports": [{"year": "2019", "revenue": 546424700, "profit": 69135800, "revenue_growth": 8.07850290349, "profit_growth": 7.642053637461}, {"year": "2018", "revenue": 505581300, "profit": 64227500, "revenue_growth": 26.956521088908, "profit_growth": 52.741039663228}], "has_3years": false}