{"code": "sz300711", "reports": [{"year": "2016", "revenue": 263886010.95, "profit": 53692384.5, "revenue_growth": 2.492329864588, "profit_growth": 14.991854644189}, {"year": "2017", "revenue": 261225232.03, "profit": 55285831.34, "revenue_growth": -1.008306166144, "profit_growth": 2.967733422232}, {"year": "2018", "revenue": 200713915.79, "profit": 15619515.89, "revenue_growth": -23.16442242955, "profit_growth": -71.747705494483}], "has_3years": true}