{"code": "sz300771", "reports": [{"year": "2018", "revenue": 888633538.13, "profit": 211322513.02, "revenue_growth": 62.484146122325, "profit_growth": 82.991967511221}, {"year": "2020", "revenue": 1028183900, "profit": 239408900, "revenue_growth": -1.675163199121, "profit_growth": -16.238668237337}, {"year": "2019", "revenue": 1045701100, "profit": 285822700, "revenue_growth": 17.675178251828, "profit_growth": 35.254259432808}], "has_3years": true}