{"code": "sh688391", "reports": [{"year": "2022", "revenue": 301569300, "profit": 87217100, "revenue_growth": 49.374905737396, "profit_growth": 152.305805538878}, {"year": "2022", "revenue": 709904700, "profit": 200053500, "revenue_growth": 42.168147015991, "profit_growth": 97.293560383791}, {"year": "2021", "revenue": 499341600, "profit": 101398900, "revenue_growth": 31.745562080711, "profit_growth": 63.262314518214}], "has_3years": true}