{"code": "sz002590", "reports": [{"year": "2010", "revenue": 867622633.54, "profit": 83746485.35, "revenue_growth": 42.605871106612, "profit_growth": 45.631328653239}, {"year": "2011", "revenue": 1001742663.66, "profit": 43763789.09, "revenue_growth": 15.458336946879, "profit_growth": -47.742536409619}, {"year": "2012", "revenue": 1020684449.94, "profit": 11810026.69, "revenue_growth": 1.890883454119, "profit_growth": -73.014158655886}], "has_3years": true}