{"code": "sz002107", "reports": [{"year": "2008", "revenue": 222231222, "profit": 53771909.83, "revenue_growth": 71.675170223941, "profit_growth": 51.814339082953}, {"year": "2007", "revenue": 129448668.5, "profit": 35419519.76, "revenue_growth": 5.265655257201, "profit_growth": 10.836632849604}, {"year": "2009", "revenue": 172195512.08, "profit": 52319070.12, "revenue_growth": -10.48044972203, "profit_growth": 0.920135921539}], "has_3years": true}