{"code": "sh600794", "reports": [{"year": "2008", "revenue": 58068339.17, "profit": 24203828.37, "revenue_growth": 17.668045037255, "profit_growth": 140.712117359076}, {"year": "2007", "revenue": null, "profit": null, "revenue_growth": null, "profit_growth": null}, {"year": "2007", "revenue": 49349285.23, "profit": 10055093.46, "revenue_growth": 28.805787606668, "profit_growth": 48.281318767726}], "has_3years": true}