{"code": "sz300550", "reports": [{"year": "2015", "revenue": 225125764.6, "profit": 51728004.13, "revenue_growth": -0.902206673167, "profit_growth": 11.388699812572}, {"year": "2016", "revenue": 235640231.16, "profit": 52070995.55, "revenue_growth": 4.670485663283, "profit_growth": 0.663067183373}, {"year": "2017", "revenue": 276257900, "profit": 32904600, "revenue_growth": 17.237153706754, "profit_growth": -36.808198782364}], "has_3years": true}