{"code": "sh688352", "reports": [{"year": "2023", "revenue": 1629340000, "profit": 371662500, "revenue_growth": 23.710094072182, "profit_growth": 22.590088232869}, {"year": "2022", "revenue": 1317063100, "profit": 303175000, "revenue_growth": -0.248293656505, "profit_growth": -0.489304715116}, {"year": "2024", "revenue": 1959901300, "profit": 313277000, "revenue_growth": 20.288049148735, "profit_growth": -15.70927925201}], "has_3years": true}