{"code": "sz000823", "reports": [{"year": "2011", "revenue": 3293112968.13, "profit": 181940882.6, "revenue_growth": 10.383232207504, "profit_growth": 12.571332499875}, {"year": "2013", "revenue": 3543250119.35, "profit": 131888236.03, "revenue_growth": -2.680456879237, "profit_growth": -29.549994508806}, {"year": "2012", "revenue": 3640841300.45, "profit": 187208269.34, "revenue_growth": 10.559259147355, "profit_growth": 2.895108930289}], "has_3years": true}