{"code": "sh603376", "reports": [{"year": "2023", "revenue": 2115544400, "profit": 188518300, "revenue_growth": 23.466465874525, "profit_growth": 25.128173155414}, {"year": "2024", "revenue": 1165557300, "profit": 116905100, "revenue_growth": 29.639488003396, "profit_growth": 73.521054194761}], "has_3years": false}