{"code": "sh688138", "reports": [{"year": "2018", "revenue": 407364400, "profit": 62654800, "revenue_growth": 27.547041611047, "profit_growth": 62.074727194757}, {"year": "2020", "revenue": 487192600, "profit": 76290300, "revenue_growth": 1.572331043265, "profit_growth": 8.545602775023}, {"year": "2019", "revenue": 479650900, "profit": 70284100, "revenue_growth": 17.744923218622, "profit_growth": 12.176720698175}], "has_3years": true}