{"code": "sz301595", "reports": [{"year": "2024", "revenue": 1019623900, "profit": 88117000, "revenue_growth": 22.070789418454, "profit_growth": 3.718683858851}], "has_3years": false}