{"code": "sz301135", "reports": [{"year": "2020", "revenue": 1090204100, "profit": 74162900, "revenue_growth": 15.624427924423, "profit_growth": 21.923974585613}, {"year": "2021", "revenue": 627428500, "profit": 44200100, "revenue_growth": 33.070122661029, "profit_growth": 42.302964945044}, {"year": "2020", "revenue": 471502200, "profit": 31060600, "revenue_growth": null, "profit_growth": null}], "has_3years": true}