{"code": "sh600846", "reports": [{"year": "2008", "revenue": 488124700, "profit": 19148400, "revenue_growth": 54.149737159734, "profit_growth": 34.383224203634}, {"year": "2007", "revenue": 316656200, "profit": 14249100, "revenue_growth": -38.475784551146, "profit_growth": 191.936359531907}, {"year": "2008", "revenue": 923527500, "profit": 26218100, "revenue_growth": -4.442321923455, "profit_growth": -41.867513957686}], "has_3years": true}