{"code": "sh603382", "reports": [{"year": "2024", "revenue": 5542405300, "profit": 165826700, "revenue_growth": 34.761386465294, "profit_growth": 32.756312763207}], "has_3years": false}