{"code": "sz003031", "reports": [{"year": "2020", "revenue": 816162700, "profit": 98144500, "revenue_growth": 38.234748641598, "profit_growth": 28.434658232122}, {"year": "2019", "revenue": 590417900, "profit": 76415900, "revenue_growth": 45.055833877502, "profit_growth": 30.209377627989}], "has_3years": false}