{"code": "sh603197", "reports": [{"year": "2019", "revenue": 3320964323.69, "profit": 174223866.2, "revenue_growth": 44.090094511035, "profit_growth": 12.496096351175}, {"year": "2018", "revenue": 2304783222.58, "profit": 154871032.73, "revenue_growth": 10.768391741059, "profit_growth": -10.931356653576}], "has_3years": false}