{"code": "sz300319", "reports": [{"year": "2011", "revenue": 130724800, "profit": 31420500, "revenue_growth": 22.343827206072, "profit_growth": 22.521286802863}, {"year": "2012", "revenue": 126729637.06, "profit": 26325909.68, "revenue_growth": -3.056162977492, "profit_growth": -16.214224216674}, {"year": "2013", "revenue": 158215400, "profit": 24946400, "revenue_growth": 24.844830041684, "profit_growth": -5.240121601754}], "has_3years": true}