{"code": "sh688301", "reports": [{"year": "2020", "revenue": 784080657.87, "profit": 222247216.86, "revenue_growth": 43.575286126821, "profit_growth": 130.544943743766}, {"year": "2019", "revenue": 546111158.14, "profit": 96400820.27, "revenue_growth": 24.279926945513, "profit_growth": 59.143941091081}, {"year": "2021", "revenue": 1187352896.36, "profit": 484039540.68, "revenue_growth": 51.432494149966, "profit_growth": 117.793296815461}], "has_3years": true}