{"code": "sh688615", "reports": [{"year": "2022", "revenue": 449191100, "profit": 117835300, "revenue_growth": null, "profit_growth": null}, {"year": "2023", "revenue": 564787000, "profit": 186828500, "revenue_growth": 25.734236497562, "profit_growth": 58.55053621453}, {"year": "2024", "revenue": 1439612800, "profit": 401315100, "revenue_growth": 21.330292742548, "profit_growth": 24.176460704874}], "has_3years": true}