{"code": "sh688755", "reports": [{"year": "2024", "revenue": 690884700, "profit": 79338200, "revenue_growth": 11.611015309639, "profit_growth": 54.062376039986}], "has_3years": false}