{"code": "sh688459", "reports": [{"year": "2021", "revenue": 171326000, "profit": -18705600, "revenue_growth": null, "profit_growth": null}, {"year": "2022", "revenue": 908919400, "profit": 115267000, "revenue_growth": -10.221741342989, "profit_growth": 32.421549649321}, {"year": "2021", "revenue": 1012404800, "profit": 87045500, "revenue_growth": 26.318165657128, "profit_growth": -19.663314194324}], "has_3years": true}