{"code": "sz300953", "reports": [{"year": "2020", "revenue": 1195798100, "profit": 132640400, "revenue_growth": 59.538757276688, "profit_growth": 71.240642826067}, {"year": "2024", "revenue": 7124139770.43, "profit": 254896421.72, "revenue_growth": 18.370446010148, "profit_growth": 495.9862466637}, {"year": "2023", "revenue": 6018512230.51, "profit": 42768842.93, "revenue_growth": 4.627344582062, "profit_growth": -58.733406465132}], "has_3years": true}