{"code": "sz300017", "reports": [{"year": "2009", "revenue": 285112800, "profit": 38121600, "revenue_growth": 19.27854894739, "profit_growth": 2.813216551174}, {"year": "2010", "revenue": 359079500, "profit": 38038400, "revenue_growth": 25.108973109855, "profit_growth": -2.092520491504}, {"year": "2011", "revenue": 542142100, "profit": 54721700, "revenue_growth": 49.646434707786, "profit_growth": 42.971780649134}], "has_3years": true}