{"code": "sz300113", "reports": [{"year": "2010", "revenue": 140802436.97, "profit": 45416224.53, "revenue_growth": 68.18107100897, "profit_growth": 44.854075678929}, {"year": "2012", "revenue": 273803119.47, "profit": 92141029.88, "revenue_growth": 58.551002868216, "profit_growth": 44.670845838607}, {"year": "2011", "revenue": 172690878.34, "profit": 63690116.24, "revenue_growth": 22.647648759655, "profit_growth": 40.236483545498}], "has_3years": true}