{"code": "sh688758", "reports": [{"year": "2024", "revenue": 152492700, "profit": 38786400, "revenue_growth": 13.551067149962, "profit_growth": 24.866012112084}, {"year": "2024", "revenue": 315460000, "profit": 85160000, "revenue_growth": 28.651274135368, "profit_growth": 62.253718631932}, {"year": "2023", "revenue": 245205500, "profit": 52485700, "revenue_growth": 15.242784226942, "profit_growth": 11.341633574213}], "has_3years": true}