{"code": "sz001400", "reports": [{"year": "2022", "revenue": 892425800, "profit": 138602300, "revenue_growth": 20.354059945706, "profit_growth": 33.968870062572}, {"year": "2023", "revenue": 484364200, "profit": 74076400, "revenue_growth": 9.603760479872, "profit_growth": 3.919464743025}, {"year": "2025", "revenue": 494357379.08, "profit": 49555054.89, "revenue_growth": -14.071270148872, "profit_growth": -40.730745907304}], "has_3years": true}