{"code": "sh688389", "reports": [{"year": "2018", "revenue": 323429252.59, "profit": 81144019.85, "revenue_growth": 28.943740886198, "profit_growth": 70.522753727414}, {"year": "2020", "revenue": 553823000, "profit": 143948200, "revenue_growth": 31.037612479336, "profit_growth": 43.147006206264}, {"year": "2019", "revenue": 422644300, "profit": 100559700, "revenue_growth": 30.675965954067, "profit_growth": 23.927431973288}], "has_3years": true}