{"code": "sh688259", "reports": [{"year": "2021", "revenue": 169137200, "profit": 43074200, "revenue_growth": 102.160111917586, "profit_growth": 147.307447074049}, {"year": "2020", "revenue": 83665000, "profit": 17417300, "revenue_growth": null, "profit_growth": null}, {"year": "2021", "revenue": 640663122.45, "profit": 78688839.61, "revenue_growth": 205.774114304151, "profit_growth": 15.886747141079}], "has_3years": true}