{"code": "sz300880", "reports": [{"year": "2020", "revenue": 167907300, "profit": 29485200, "revenue_growth": -5.434259432959, "profit_growth": -9.238853611182}, {"year": "2019", "revenue": 177556200, "profit": 32486600, "revenue_growth": null, "profit_growth": null}], "has_3years": false}