{"code": "sz300907", "reports": [{"year": "2020", "revenue": 325262300, "profit": 26301600, "revenue_growth": 3.989762870744, "profit_growth": 24.335695410259}, {"year": "2019", "revenue": 312783000, "profit": 21153700, "revenue_growth": null, "profit_growth": null}, {"year": "2023", "revenue": 934968828.25, "profit": 49652529.81, "revenue_growth": -5.955602968275, "profit_growth": 64.736729968109}], "has_3years": true}