{"code": "sz301020", "reports": [{"year": "2020", "revenue": 488170900, "profit": 100958900, "revenue_growth": 22.224813354389, "profit_growth": 29.217031299866}, {"year": "2023", "revenue": 512283144.03, "profit": 72359536.37, "revenue_growth": 26.711923629011, "profit_growth": 12.070947106415}, {"year": "2022", "revenue": 404289611.71, "profit": 64565829.27, "revenue_growth": -18.369033095276, "profit_growth": -30.309900210401}], "has_3years": true}