{"code": "sh600728", "reports": [{"year": "2010", "revenue": 125323129.02, "profit": 5961081.42, "revenue_growth": 147.593258167875, "profit_growth": 180.72895842625}, {"year": "2011", "revenue": 291542242.9, "profit": 20257332.4, "revenue_growth": 132.632432001816, "profit_growth": 239.826467258687}, {"year": "2021", "revenue": 6223755174.9, "profit": 314290813.1, "revenue_growth": 45.194827296661, "profit_growth": 242.273767386365}], "has_3years": true}