{"code": "sz002925", "reports": [{"year": "2016", "revenue": 1648411412.11, "profit": 445475709.31, "revenue_growth": 68.128311956286, "profit_growth": 170.33311389021}, {"year": "2017", "revenue": 3267195748.91, "profit": 983862490.91, "revenue_growth": 98.20268926238, "profit_growth": 120.856596745513}, {"year": "2018", "revenue": 2778729498.73, "profit": 813674898.69, "revenue_growth": -14.950627012262, "profit_growth": -17.297904310041}], "has_3years": true}