{"code": "sz300258", "reports": [{"year": "2011", "revenue": 383103572.7, "profit": 86049224.59, "revenue_growth": 24.070815532455, "profit_growth": 18.491041185572}, {"year": "2012", "revenue": 211345565.57, "profit": 56661782.08, "revenue_growth": 19.968665435517, "profit_growth": 28.806839829265}, {"year": "2012", "revenue": 438857276.26, "profit": 111753618.49, "revenue_growth": 14.553167219785, "profit_growth": 29.871732165483}], "has_3years": true}