{"code": "sh688676", "reports": [{"year": "2020", "revenue": 1031492100, "profit": 108237700, "revenue_growth": 5.146585044157, "profit_growth": 8.903097928342}, {"year": "2019", "revenue": 981003900, "profit": 99389000, "revenue_growth": null, "profit_growth": null}, {"year": "2021", "revenue": 3302576600, "profit": 234617400, "revenue_growth": 36.320796733957, "profit_growth": 1.308055120276}], "has_3years": true}