{"code": "sz002730", "reports": [{"year": "2014", "revenue": 575638872.51, "profit": 53448510.26, "revenue_growth": -12.811355747479, "profit_growth": -14.899441067276}, {"year": "2013", "revenue": 660222300.1, "profit": 62806297.55, "revenue_growth": -13.093972177962, "profit_growth": -18.888250524935}, {"year": "2015", "revenue": 528292701.92, "profit": 54170546.48, "revenue_growth": -8.224977994199, "profit_growth": 1.748204536745}], "has_3years": true}