{"code": "sz300457", "reports": [{"year": "2014", "revenue": 225006163.77, "profit": 50521302.25, "revenue_growth": 6.548489486316, "profit_growth": 0.353850055493}, {"year": "2015", "revenue": 365170909.65, "profit": 60226367.68, "revenue_growth": 62.293736105503, "profit_growth": 19.209848119067}, {"year": "2016", "revenue": 850490383.8, "profit": 123871486.21, "revenue_growth": 132.902008710156, "profit_growth": 105.676501807588}], "has_3years": true}