{"code": "sz002637", "reports": [{"year": "2011", "revenue": 1919914336.22, "profit": 104122197.46, "revenue_growth": 48.013125506563, "profit_growth": 53.277457310735}, {"year": "2012", "revenue": 1987441554.39, "profit": 7303708.14, "revenue_growth": 3.517199538337, "profit_growth": -92.985445641593}, {"year": "2014", "revenue": 1197082374.8, "profit": 32125794.72, "revenue_growth": 22.545775404849, "profit_growth": 2416.34886991433}], "has_3years": true}