{"code": "sh688696", "reports": [{"year": "2019", "revenue": 937512000, "profit": 16436200, "revenue_growth": null, "profit_growth": null}, {"year": "2021", "revenue": 4037684400, "profit": 483498900, "revenue_growth": 42.779182013268, "profit_growth": 79.867719206955}, {"year": "2020", "revenue": 2827922350.49, "profit": 268808045.23, "revenue_growth": 33.619340862516, "profit_growth": 187.788228734448}], "has_3years": true}