{"code": "sh688113", "reports": [{"year": "2020", "revenue": 358488500, "profit": 72569100, "revenue_growth": 13.505080139417, "profit_growth": 17.808063722552}, {"year": "2021", "revenue": 338918500, "profit": 76510400, "revenue_growth": -5.45903146126, "profit_growth": 5.431099462443}, {"year": "2022", "revenue": 373502300, "profit": 81226100, "revenue_growth": 10.204164127954, "profit_growth": 6.163475815053}], "has_3years": true}