{"code": "sz300768", "reports": [{"year": "2019", "revenue": 803839207.45, "profit": 252344101.45, "revenue_growth": 14.172685869069, "profit_growth": 25.540018628711}, {"year": "2018", "revenue": 704055616.57, "profit": 201006901.39, "revenue_growth": 14.116348777897, "profit_growth": 30.53189521244}], "has_3years": false}