{"code": "sh688648", "reports": [{"year": "2023", "revenue": 1951939760.66, "profit": 71593755.96, "revenue_growth": -12.052334341529, "profit_growth": -9.496082538662}, {"year": "2022", "revenue": 2219433280.06, "profit": 79105698.37, "revenue_growth": 7.863640831046, "profit_growth": -15.567075322018}, {"year": "2024", "revenue": 912277889.19, "profit": -149986115.3, "revenue_growth": -53.2630100797, "profit_growth": -309.496084244831}], "has_3years": true}