{"code": "sz001389", "reports": [{"year": "2023", "revenue": 2678270258.07, "profit": 414685735.07, "revenue_growth": 11.021591185001, "profit_growth": 48.28673731048}, {"year": "2022", "revenue": 2412386842.49, "profit": 279651263.89, "revenue_growth": 16.229175692115, "profit_growth": 176.63232470676}], "has_3years": false}