{"code": "sz300925", "reports": [{"year": "2020", "revenue": 796307800, "profit": 47078400, "revenue_growth": 39.770064536746, "profit_growth": 7.302616081696}, {"year": "2019", "revenue": 569727000, "profit": 43874400, "revenue_growth": null, "profit_growth": null}], "has_3years": false}