{"code": "sh603324", "reports": [{"year": "2021", "revenue": 1232053800, "profit": 153142700, "revenue_growth": 31.385143100646, "profit_growth": 25.929882122696}, {"year": "2020", "revenue": 937742100, "profit": 121609500, "revenue_growth": 5.87469059953, "profit_growth": 7.263429589169}], "has_3years": false}