{"code": "sz300487", "reports": [{"year": "2015", "revenue": 295373404.92, "profit": 50341885.92, "revenue_growth": 3.263701220347, "profit_growth": -15.680191718119}, {"year": "2014", "revenue": 286037979.88, "profit": 59703510.89, "revenue_growth": 12.535030299674, "profit_growth": -3.753774737141}, {"year": "2017", "revenue": 445080763.95, "profit": 93484372.88, "revenue_growth": 33.896731192654, "profit_growth": 51.525215617732}], "has_3years": true}