{"code": "sh688657", "reports": [{"year": "2022", "revenue": 102277600, "profit": 23747000, "revenue_growth": -6.617631338754, "profit_growth": -28.416056157243}, {"year": "2023", "revenue": 125128600, "profit": 26184700, "revenue_growth": 22.342125341898, "profit_growth": 10.286770149215}, {"year": "2023", "revenue": 278113900, "profit": 54138600, "revenue_growth": 15.521519740274, "profit_growth": -13.018903694945}], "has_3years": true}