{"code": "sz300628", "reports": [{"year": "2016", "revenue": 923740700, "profit": 432347700, "revenue_growth": 39.556289585623, "profit_growth": 74.600955500503}, {"year": "2017", "revenue": 1387763200, "profit": 590789700, "revenue_growth": 50.232982047884, "profit_growth": 36.646893229685}, {"year": "2018", "revenue": 1815359400, "profit": 851477100, "revenue_growth": 30.811899321152, "profit_growth": 44.125244566722}], "has_3years": true}