{"code": "sh600237", "reports": [{"year": "2021", "revenue": 1001151690.06, "profit": 51156902.24, "revenue_growth": 18.187639303415, "profit_growth": 546.804181491261}, {"year": "2020", "revenue": 847086629.33, "profit": 7909179.27, "revenue_growth": 3.044795324016, "profit_growth": 105.173793856406}], "has_3years": false}