{"code": "sz002065", "reports": [{"year": "2005", "revenue": 459111000, "profit": 58138800, "revenue_growth": 42.25336875385, "profit_growth": 43.104658334131}, {"year": "2006", "revenue": 270547622.57, "profit": 35547533.97, "revenue_growth": 29.588798773222, "profit_growth": 26.825499041557}, {"year": "2006", "revenue": 585032199.2, "profit": 72047119.77, "revenue_growth": 27.427179745203, "profit_growth": 23.922612386221}], "has_3years": true}