{"code": "sh600584", "reports": [{"year": "2024", "revenue": 35960000000, "profit": 1610000000, "revenue_growth": 21.24072825354, "profit_growth": 9.52380952381}, {"year": "2023", "revenue": 29660000000, "profit": 1470000000, "revenue_growth": -12.149828187001, "profit_growth": -54.503083685542}], "has_3years": false}