{"code": "sz300623", "reports": [{"year": "2017", "revenue": 430806900, "profit": 144149100, "revenue_growth": 29.914272428399, "profit_growth": 23.81135206448}, {"year": "2016", "revenue": 331608600, "profit": 116426400, "revenue_growth": 37.333266246033, "profit_growth": 44.242398370728}, {"year": "2018", "revenue": 537470900, "profit": 165668700, "revenue_growth": 24.759122366761, "profit_growth": 14.928730376464}], "has_3years": true}