{"code": "sz300800", "reports": [{"year": "2018", "revenue": 613378429.66, "profit": 180700760.74, "revenue_growth": 66.061037099047, "profit_growth": 132.778639358918}, {"year": "2020", "revenue": 774353168.49, "profit": 261272848.24, "revenue_growth": 5.43019573163, "profit_growth": 13.597917819918}, {"year": "2019", "revenue": 734470009.39, "profit": 229997920.08, "revenue_growth": 19.741740803817, "profit_growth": 27.281102269918}], "has_3years": true}