{"code": "sz002052", "reports": [{"year": "2006", "revenue": 448607100, "profit": 22246500, "revenue_growth": 50.60297306915, "profit_growth": 12.779267655901}, {"year": "2005", "revenue": 297874000, "profit": 19725700, "revenue_growth": null, "profit_growth": null}, {"year": "2005", "revenue": 865608600, "profit": 61168800, "revenue_growth": 24.335606533917, "profit_growth": 51.01946609163}], "has_3years": true}