{"code": "sh600363", "reports": [{"year": "2022", "revenue": 3313710200, "profit": 267430500, "revenue_growth": -7.589621992604, "profit_growth": 15.412102388292}, {"year": "2021", "revenue": 3585863700, "profit": 231717900, "revenue_growth": -6.293314293104, "profit_growth": -14.219364730136}, {"year": "2023", "revenue": null, "profit": null, "revenue_growth": null, "profit_growth": null}], "has_3years": true}