{"code": "sz002049", "reports": [{"year": "2005", "revenue": 76034869.33, "profit": 8223274.25, "revenue_growth": 14.659244513429, "profit_growth": 19.998866184974}, {"year": "2005", "revenue": 167606945.53, "profit": 13999197.78, "revenue_growth": 20.308353002368, "profit_growth": -18.480301019467}, {"year": "2006", "revenue": 105410444.85, "profit": 13419378.94, "revenue_growth": 38.634347344646, "profit_growth": 63.187783017209}], "has_3years": true}