{"code": "sh688380", "reports": [{"year": "2022", "revenue": 636793746.12, "profit": 59177336.48, "revenue_growth": -42.581042795366, "profit_growth": -92.461946066922}, {"year": "2021", "revenue": 1109030496.41, "profit": 785047931.54, "revenue_growth": 193.678890298535, "profit_growth": 737.921126938154}, {"year": "2023", "revenue": 713569748.57, "profit": -21948515.62, "revenue_growth": 12.056651453912, "profit_growth": -137.089394226822}], "has_3years": true}