{"code": "sz002296", "reports": [{"year": "2010", "revenue": 66073087.83, "profit": 13227638.19, "revenue_growth": 52.950056904878, "profit_growth": 10.488563722431}, {"year": "2010", "revenue": 250287117.56, "profit": 85718282.45, "revenue_growth": 50.450594742138, "profit_growth": 57.627026723255}, {"year": "2011", "revenue": 101765398.19, "profit": 13908680.74, "revenue_growth": 54.019437462697, "profit_growth": 5.148633038019}], "has_3years": true}