{"code": "sz002635", "reports": [{"year": "2011", "revenue": 474246811.02, "profit": 101044011.94, "revenue_growth": 69.341350375767, "profit_growth": 82.083533021624}, {"year": "2012", "revenue": 616276597.69, "profit": 186750063.57, "revenue_growth": 29.948495882244, "profit_growth": 84.820515322464}, {"year": "2013", "revenue": 605376271.38, "profit": 142551180.19, "revenue_growth": -1.768739288634, "profit_growth": -23.667399375976}], "has_3years": true}