{"code": "sz300916", "reports": [{"year": "2020", "revenue": 260855300, "profit": 31492100, "revenue_growth": 2.2272114804, "profit_growth": 45.185966335125}, {"year": "2019", "revenue": 255172100, "profit": 21690900, "revenue_growth": null, "profit_growth": null}], "has_3years": false}