{"code": "sz300547", "reports": [{"year": "2015", "revenue": 441569508.43, "profit": 65169780.12, "revenue_growth": 4.888391845559, "profit_growth": 9.213289253615}, {"year": "2016", "revenue": 510738986.99, "profit": 84328342.5, "revenue_growth": 15.664459895778, "profit_growth": 29.397923922288}, {"year": "2017", "revenue": 647774368, "profit": 114276065.59, "revenue_growth": 26.830804873074, "profit_growth": 35.513235766492}], "has_3years": true}