{"code": "sz300709", "reports": [{"year": "2016", "revenue": 709157168.89, "profit": 161551402.45, "revenue_growth": 56.139651786159, "profit_growth": 34.960274925362}, {"year": "2017", "revenue": 922285875.42, "profit": 155146938.05, "revenue_growth": 30.053804132531, "profit_growth": -3.964350852344}, {"year": "2018", "revenue": 882313496.07, "profit": 37185692.43, "revenue_growth": -4.334055244183, "profit_growth": -76.0319520982}], "has_3years": true}