{"code": "sz301548", "reports": [{"year": "2022", "revenue": 203328400, "profit": 42159900, "revenue_growth": -0.362165151438, "profit_growth": 41.663624565279}, {"year": "2021", "revenue": 204067500, "profit": 28730700, "revenue_growth": null, "profit_growth": null}], "has_3years": false}