{"code": "sh688623", "reports": [{"year": "2023", "revenue": 429211700, "profit": 133460600, "revenue_growth": 15.456926083489, "profit_growth": 38.328805657505}, {"year": "2022", "revenue": 371750500, "profit": 96480700, "revenue_growth": 42.019267748656, "profit_growth": 68.860357963485}, {"year": "2024", "revenue": 384446600, "profit": 86673900, "revenue_growth": -10.429608512536, "profit_growth": -35.05656351013}], "has_3years": true}