{"code": "sz301601", "reports": [{"year": "2022", "revenue": 815822800, "profit": 128621500, "revenue_growth": 63.730841255861, "profit_growth": 51.053249044753}], "has_3years": false}