{"code": "sh688360", "reports": [{"year": "2020", "revenue": 766951800, "profit": 66438800, "revenue_growth": -2.814883410446, "profit_growth": 3.78856992889}, {"year": "2019", "revenue": 789165900, "profit": 64013600, "revenue_growth": 9.353891731565, "profit_growth": 10.312447265051}, {"year": "2021", "revenue": 1482689900, "profit": 76836300, "revenue_growth": 93.322435647195, "profit_growth": 15.649740814103}], "has_3years": true}