{"code": "sh688798", "reports": [{"year": "2019", "revenue": 1017649863.64, "profit": 93382497.28, "revenue_growth": 46.676771719459, "profit_growth": 68.302105300698}, {"year": "2018", "revenue": 693804377.96, "profit": 55485044.06, "revenue_growth": 32.501616634518, "profit_growth": 99.42695188019}, {"year": "2021", "revenue": 1066566800, "profit": 122030700, "revenue_growth": 109.902173132094, "profit_growth": 149.809797788227}], "has_3years": true}