{"code": "sz300976", "reports": [{"year": "2020", "revenue": 959479800, "profit": 213901700, "revenue_growth": 10.694143310166, "profit_growth": -5.611670896645}], "has_3years": false}