{"code": "sz001380", "reports": [{"year": "2022", "revenue": 885834000, "profit": 112619800, "revenue_growth": 23.413636174573, "profit_growth": 81.948467209898}], "has_3years": false}