{"code": "sz002093", "reports": [{"year": "2008", "revenue": 516454100, "profit": 77476400, "revenue_growth": 80.266923472421, "profit_growth": 36.188718381409}, {"year": "2007", "revenue": 286494100, "profit": 56889000, "revenue_growth": 41.724977511978, "profit_growth": 80.011708250845}, {"year": "2010", "revenue": 760865918.06, "profit": 103302983.01, "revenue_growth": 15.585332518877, "profit_growth": 10.923718088091}], "has_3years": true}