{"code": "sh688799", "reports": [{"year": "2021", "revenue": 1146599000, "profit": 160760700, "revenue_growth": 20.61484803105, "profit_growth": 10.846514514238}, {"year": "2020", "revenue": 950628400, "profit": 145030000, "revenue_growth": 15.276744623085, "profit_growth": 25.013965114975}, {"year": "2022", "revenue": 1292661600, "profit": 182804800, "revenue_growth": 12.738769177367, "profit_growth": 13.712368756792}], "has_3years": true}