{"code": "sz002090", "reports": [{"year": "2006", "revenue": 322632070.87, "profit": 46313050.73, "revenue_growth": 1.121272540279, "profit_growth": 24.875752880645}, {"year": "2008", "revenue": 188326640.82, "profit": 26314371.23, "revenue_growth": 22.873465954561, "profit_growth": 4.805853774178}, {"year": "2007", "revenue": 153268762.59, "profit": 25107730.42, "revenue_growth": 3.86948966732, "profit_growth": 5.153119109532}], "has_3years": true}