{"code": "sz301456", "reports": [{"year": "2021", "revenue": 326630100, "profit": 137202600, "revenue_growth": -6.176258423924, "profit_growth": -13.042189851397}], "has_3years": false}