{"code": "sz301502", "reports": [{"year": "2023", "revenue": 267249200, "profit": 34034200, "revenue_growth": 5.969069890268, "profit_growth": 6.316012407407}], "has_3years": false}