{"code": "sh600850", "reports": [{"year": "2013", "revenue": 5577315300, "profit": 243907900, "revenue_growth": 12.368621895217, "profit_growth": 27.659655511573}, {"year": "2015", "revenue": 2389287700, "profit": 102498700, "revenue_growth": -2.37774519827, "profit_growth": 14.549156739879}, {"year": "2014", "revenue": 2447482600, "profit": 89480100, "revenue_growth": 7.847302341843, "profit_growth": 25.703705746358}], "has_3years": true}