{"code": "sz300996", "reports": [{"year": "2020", "revenue": 422103900, "profit": 83389900, "revenue_growth": 14.773383075546, "profit_growth": 41.874084400977}], "has_3years": false}