{"code": "sz300306", "reports": [{"year": "2012", "revenue": 182073938.56, "profit": 72477380.6, "revenue_growth": -11.453923363721, "profit_growth": -25.067880992047}, {"year": "2013", "revenue": 196880556.83, "profit": 89997774.18, "revenue_growth": 8.132200790022, "profit_growth": 24.173602074135}, {"year": "2014", "revenue": 208974959.79, "profit": 90351711.67, "revenue_growth": 6.143015417436, "profit_growth": 0.393273603958}], "has_3years": true}