{"code": "sz002937", "reports": [{"year": "2017", "revenue": 878004500, "profit": 83783700, "revenue_growth": 21.287274497779, "profit_growth": 23.964348592718}, {"year": "2018", "revenue": 1017902400, "profit": 109699900, "revenue_growth": 15.933619930194, "profit_growth": 30.932269641947}, {"year": "2020", "revenue": 1040387500, "profit": 127230800, "revenue_growth": 1.653670265299, "profit_growth": -7.984531836371}], "has_3years": true}