{"code": "sz300680", "reports": [{"year": "2016", "revenue": 195614238.54, "profit": 32513932.81, "revenue_growth": 14.419144151455, "profit_growth": 17.318390435178}, {"year": "2017", "revenue": 150466440.52, "profit": 18275481.17, "revenue_growth": -23.080016238577, "profit_growth": -43.791846785206}, {"year": "2018", "revenue": 226561229.21, "profit": 3827177.56, "revenue_growth": 50.572598399366, "profit_growth": -79.058403308787}], "has_3years": true}