{"code": "sh688401", "reports": [{"year": "2021", "revenue": 493591700, "profit": 52306400, "revenue_growth": 22.87613162991, "profit_growth": 61.142008730697}, {"year": "2022", "revenue": 640013700, "profit": 119775300, "revenue_growth": 29.664599303432, "profit_growth": 128.987848523316}, {"year": "2023", "revenue": 672394400, "profit": 148801000, "revenue_growth": 5.059376072731, "profit_growth": 24.233460488097}], "has_3years": true}