{"code": "sz301529", "reports": [{"year": "2022", "revenue": 305079100, "profit": 37762800, "revenue_growth": 10.417726824261, "profit_growth": -11.83734074816}, {"year": "2021", "revenue": 276295400, "profit": 42833100, "revenue_growth": null, "profit_growth": null}], "has_3years": false}