{"code": "sh603551", "reports": [{"year": "2022", "revenue": null, "profit": null, "revenue_growth": null, "profit_growth": null}, {"year": "2021", "revenue": 2058098466.6, "profit": 31051782.56, "revenue_growth": 29.1942586806, "profit_growth": -83.561698564878}, {"year": "2023", "revenue": 862263181.8, "profit": 141350208.16, "revenue_growth": 5.083628871756, "profit_growth": 40.775641263128}], "has_3years": true}