{"code": "sh603082", "reports": [{"year": "2022", "revenue": 1587439800, "profit": 130574700, "revenue_growth": 18.789116947402, "profit_growth": 12.775901201759}, {"year": "2021", "revenue": 1336351200, "profit": 115782400, "revenue_growth": 20.537542686703, "profit_growth": 46.190588891345}, {"year": "2020", "revenue": 1108659700, "profit": 79199600, "revenue_growth": 42.692391801492, "profit_growth": 81.145970055751}], "has_3years": true}