{"code": "sz300801", "reports": [{"year": "2019", "revenue": 1245221000, "profit": 171614700, "revenue_growth": 0.041246634953, "profit_growth": -7.795155147152}, {"year": "2018", "revenue": 1244707600, "profit": 186123300, "revenue_growth": 11.380414194955, "profit_growth": 88.655862270554}], "has_3years": false}