{"code": "sh688355", "reports": [{"year": "2020", "revenue": 612474900, "profit": 117693300, "revenue_growth": 3.814302223134, "profit_growth": 58.777215381673}, {"year": "2021", "revenue": 713788800, "profit": 123360400, "revenue_growth": 16.541722771007, "profit_growth": 4.815142408276}, {"year": "2022", "revenue": 612664500, "profit": 37025200, "revenue_growth": -14.167257877961, "profit_growth": -69.986154389902}], "has_3years": true}