{"code": "sz301491", "reports": [{"year": "2024", "revenue": 1452216000, "profit": 253445500, "revenue_growth": 40.803328910733, "profit_growth": 86.367166367975}], "has_3years": false}