{"code": "sh600883", "reports": [{"year": "2008", "revenue": 56607890.52, "profit": 426501.68, "revenue_growth": -27.756039048567, "profit_growth": -97.757879093571}, {"year": "2007", "revenue": 78356570.95, "profit": 19022242.68, "revenue_growth": -59.113640960754, "profit_growth": -27.424004224277}, {"year": "2009", "revenue": 90038955.52, "profit": 23525242.83, "revenue_growth": 59.057252783847, "profit_growth": 932.353634653851}], "has_3years": true}