{"code": "sz301373", "reports": [{"year": "2022", "revenue": 191909800, "profit": 44685500, "revenue_growth": -4.98193065471, "profit_growth": 55.775679953148}, {"year": "2021", "revenue": 201971900, "profit": 28685800, "revenue_growth": 48.808421920974, "profit_growth": 6.972487251531}], "has_3years": false}