{"code": "sh605377", "reports": [{"year": "2021", "revenue": 2940195000, "profit": 448606900, "revenue_growth": 82.396652163993, "profit_growth": 72.544168089128}, {"year": "2020", "revenue": 1611978600, "profit": 259995400, "revenue_growth": -2.541829224819, "profit_growth": 52.233250609988}], "has_3years": false}