{"code": "sz300303", "reports": [{"year": "2012", "revenue": 495188333.29, "profit": 91526741.14, "revenue_growth": 42.742681059198, "profit_growth": 14.149482205699}, {"year": "2013", "revenue": 753628605.07, "profit": 130935658.93, "revenue_growth": 52.190299004611, "profit_growth": 43.057271895784}, {"year": "2014", "revenue": 990508912.7, "profit": 178907091.49, "revenue_growth": 31.431968749116, "profit_growth": 36.637408748709}], "has_3years": true}