{"code": "sz300433", "reports": [{"year": "2014", "revenue": 14497014009.98, "profit": 1176857277.48, "revenue_growth": 8.578454760072, "profit_growth": -51.847104369799}, {"year": "2015", "revenue": 17227384658.54, "profit": 1542754214.39, "revenue_growth": 18.834020900307, "profit_growth": 31.091020458615}, {"year": "2016", "revenue": 15236116891.15, "profit": 1203594795.98, "revenue_growth": -11.558735158345, "profit_growth": -21.984021514672}], "has_3years": true}