{"code": "sh688067", "reports": [{"year": "2021", "revenue": 210668700, "profit": 31275000, "revenue_growth": 16.908657853467, "profit_growth": 3.902618910775}, {"year": "2020", "revenue": 180199400, "profit": 30100300, "revenue_growth": -5.149647201835, "profit_growth": -40.419593683802}, {"year": "2022", "revenue": 196774000, "profit": 17973000, "revenue_growth": -6.59552178373, "profit_growth": -42.532374100719}], "has_3years": true}