{"code": "sh600196", "reports": [{"year": "2008", "revenue": 3773230000, "profit": 690860000, "revenue_growth": 2.164189207484, "profit_growth": 10.399821023363}, {"year": "2007", "revenue": 3693300000, "profit": 625780000, "revenue_growth": -9.524203058279, "profit_growth": 142.648110888251}, {"year": "2009", "revenue": 1794273300, "profit": 343035400, "revenue_growth": -5.662278847207, "profit_growth": -30.871687768363}], "has_3years": true}