{"code": "sz300222", "reports": [{"year": "2011", "revenue": 192864560.35, "profit": 54228326.55, "revenue_growth": 39.713637782417, "profit_growth": 10.313250455145}, {"year": "2012", "revenue": 263739850.74, "profit": 28612982.77, "revenue_growth": 36.74873717669, "profit_growth": -47.236094878167}, {"year": "2013", "revenue": 333163381.76, "profit": 9555491.2, "revenue_growth": 26.322730836926, "profit_growth": -66.60435132957}], "has_3years": true}