{"code": "sz001379", "reports": [{"year": "2023", "revenue": 921392900, "profit": 45373800, "revenue_growth": -14.672610114197, "profit_growth": -28.69404254546}, {"year": "2024", "revenue": 857256500, "profit": 39956800, "revenue_growth": -6.960809009924, "profit_growth": -11.938607742794}, {"year": "2023", "revenue": null, "profit": null, "revenue_growth": null, "profit_growth": null}], "has_3years": true}